,Age,year,qx_male
0,0,2000,0.01877533426466871
1,1,2000,0.0063007143507322685
2,2,2000,0.002581742112303664
3,3,2000,0.0012703368440642516
4,4,2000,0.0007381929783766823
5,5,2000,0.0004982277563172607
6,6,2000,0.0003841093975489824
7,7,2000,0.0003326694845149736
8,8,2000,0.0003183200753286995
9,9,2000,0.0003309559066196606
10,10,2000,0.0003676997211063723
11,11,2000,0.0004293342482526454
12,12,2000,0.0005181301315142251
13,13,2000,0.0006356020059930413
14,14,2000,0.0007794652830371944
15,15,2000,0.0009397999431511976
16,16,2000,0.0010956281574751952
17,17,2000,0.001214624679862258
18,18,2000,0.001259314418615513
19,19,2000,0.001200885003837878
20,20,2000,0.0010358714203533214
21,21,2000,0.0011471701948426788
22,22,2000,0.0011870581619984714
23,23,2000,0.001230408231888684
24,24,2000,0.001277495984037964
25,25,2000,0.001328626605860662
26,26,2000,0.0013841381288880131
27,27,2000,0.0014444050748095949
28,28,2000,0.0015098425654763038
29,29,2000,0.0015809109588345524
30,30,2000,0.0016581210817672046
31,31,2000,0.0017420401411968644
32,32,2000,0.001833298406783858
33,33,2000,0.0019325967723854988
34,34,2000,0.0020407153194395753
35,35,2000,0.0021585230239509865
36,36,2000,0.0022869887702152234
37,37,2000,0.0024271938592981034
38,38,2000,0.0025803462291864657
39,39,2000,0.0027477966371101258
40,40,2000,0.0029310570936129697
41,41,2000,0.0031318218834661825
42,42,2000,0.0033519915615844932
43,43,2000,0.0035937003740454353
44,44,2000,0.003859347626680077
45,45,2000,0.004151633608347221
46,46,2000,0.004473600775107867
47,47,2000,0.004828681017676798
48,48,2000,0.005220749970823904
49,49,2000,0.0056541894834906264
50,50,2000,0.006133959556634442
51,51,2000,0.00666568127740667
52,52,2000,0.007255732539397059
53,53,2000,0.007911358646730537
54,54,2000,0.008640800263610148
55,55,2000,0.009453441601027818
56,56,2000,0.010359982241466876
57,57,2000,0.01137263660566429
58,58,2000,0.01250536578109631
59,59,2000,0.013774147281674556
60,60,2000,0.015197289318507088
61,61,2000,0.017313073237741568
62,62,2000,0.019057298915861314
63,63,2000,0.021003378365333388
64,64,2000,0.023177020043805174
65,65,2000,0.025607469664947726
66,66,2000,0.02832802961259917
67,67,2000,0.03137665906965132
68,68,2000,0.03479666805137865
69,69,2000,0.03863752078828977
70,70,2000,0.04295576656092779
71,71,2000,0.0478161192227755
72,72,2000,0.053292710346241466
73,73,2000,0.05947054529641506
74,74,2000,0.06644719670420515
75,75,2000,0.07433477592557278
76,76,2000,0.08326223031735686
77,77,2000,0.09337802274878972
78,78,2000,0.10485325996012294
79,79,2000,0.11788534848631571
80,80,2000,0.13270227125715023
81,81,2000,0.14956759511308879
82,82,2000,0.16878633987696762
83,83,2000,0.19071186394300962
84,84,2000,0.21575395036693476
85,85,2000,0.24438831210485906
86,0,2001,0.017839815897646476
87,1,2001,0.005998317982100772
88,2,2001,0.002460220095686703
89,3,2001,0.0012106611557896306
90,4,2001,0.0007030306094617678
91,5,2001,0.0004738355591454837
92,6,2001,0.0003645706168251642
93,7,2001,0.0003149452660748539
94,8,2001,0.0003004600425888444
95,9,2001,0.00031134033716580137
96,10,2001,0.00034465127959529745
97,11,2001,0.0004008842976728497
98,12,2001,0.00048189414764361393
99,13,2001,0.0005888118262106835
100,14,2001,0.0007192708692098684
101,15,2001,0.0008639692862126078
102,16,2001,0.0010036743614526816
103,17,2001,0.001109110612904534
104,18,2001,0.0011466825544408947
105,19,2001,0.0010909294670410686
106,20,2001,0.000939364346965049
107,21,2001,0.001037231354401082
108,22,2001,0.0010766794109018218
109,23,2001,0.0011194539781049927
110,24,2001,0.001165829777651475
111,25,2001,0.0012161106950804288
112,26,2001,0.001270633016604608
113,27,2001,0.001329769073284847
114,28,2001,0.0013939313467172963
115,29,2001,0.0014635770981300598
116,30,2001,0.0015392135917466567
117,31,2001,0.0016214039936011536
118,32,2001,0.0017107740389043509
119,33,2001,0.0018080195748200062
120,34,2001,0.001913915101416399
121,35,2001,0.0020293234519649364
122,36,2001,0.0021552067750783537
123,37,2001,0.002292639005902393
124,38,2001,0.0024428200422679297
125,39,2001,0.0026070918750467926
126,40,2001,0.0027869569607242356
127,41,2001,0.002984099169335695
128,42,2001,0.003200407693512741
129,43,2001,0.003438004365739819
130,44,2001,0.0036992749025708963
131,45,2001,0.003986904678305728
132,46,2001,0.004303919728624195
133,47,2001,0.004653733799467043
134,48,2001,0.0050402023910490566
135,49,2001,0.005467684904879146
136,50,2001,0.005941116187300809
137,51,2001,0.006466088981424925
138,52,2001,0.007048949056444563
139,53,2001,0.007696905086399799
140,54,2001,0.008418155708098174
141,55,2001,0.009222036610367355
142,56,2001,0.01011919100641361
143,57,2001,0.01112176743250275
144,58,2001,0.012243649517117122
145,59,2001,0.013500723196352959
146,60,2001,0.014911187839050669
147,61,2001,0.017424042896321625
148,62,2001,0.019083511295396725
149,63,2001,0.02093701425470003
150,64,2001,0.0230100900828341
151,65,2001,0.025331971854058017
152,66,2001,0.027936164701346442
153,67,2001,0.030861119474640337
154,68,2001,0.03415101980940324
155,69,2001,0.037856702825812334
156,70,2001,0.04203673747402436
157,71,2001,0.04675868908228407
158,72,2001,0.05210060410531391
159,73,2001,0.05815275559622726
160,74,2001,0.06501969776185607
161,75,2001,0.07282268738340043
162,76,2001,0.08170254122594993
163,77,2001,0.09182301222920145
164,78,2001,0.10337478376494987
165,79,2001,0.11658020117238961
166,80,2001,0.13169888388343487
167,81,2001,0.14903439063778606
168,82,2001,0.16894214567808272
169,83,2001,0.19183887678024927
170,84,2001,0.2182138681984469
171,85,2001,0.24864239516206618
172,0,2002,0.016650347274138166
173,1,2002,0.0056179265523161786
174,2,2002,0.0023120118745737356
175,3,2002,0.001141422580096033
176,4,2002,0.0006648541884270303
177,5,2002,0.00044937722936400613
178,6,2002,0.0003466423124514801
179,7,2002,0.0003001366948852243
180,8,2002,0.00028688298020765167
181,9,2002,0.00029772807619181477
182,10,2002,0.0003299478264742467
183,11,2002,0.00038402754815234296
184,12,2002,0.00046169191377388807
185,13,2002,0.0005638922058821238
186,14,2002,0.0006881371494854092
187,15,2002,0.0008252207867873608
188,16,2002,0.000956450966709944
189,17,2002,0.0010537408395778671
190,18,2002,0.0010853370238162296
191,19,2002,0.0010278654834951883
192,20,2002,0.0008802984932157234
193,21,2002,0.0009617618204203955
194,22,2002,0.000999459849211963
195,23,2002,0.0010403449970970936
196,24,2002,0.0010846849776329074
197,25,2002,0.0011327761048251512
198,26,2002,0.0011849465056960095
199,27,2002,0.0012415597402674157
200,28,2002,0.0013030188836093885
201,29,2002,0.0013697711325250392
202,30,2002,0.001442313008575355
203,31,2002,0.0015211962396829589
204,32,2002,0.0016070344147235337
205,33,2002,0.001700510519583776
206,34,2002,0.0018023854794489947
207,35,2002,0.0019135078509493228
208,36,2002,0.0020348248296720266
209,37,2002,0.0021673947639455873
210,38,2002,0.0023124013953148034
211,39,2002,0.0024711700804569883
212,40,2002,0.0026451862892639577
213,41,2002,0.0028361167204085627
214,42,2002,0.003045833430079273
215,43,2002,0.0032764414330634156
216,44,2002,0.0035303103095991905
217,45,2002,0.0038101104383064356
218,46,2002,0.004118854577307338
219,47,2002,0.004459945635044993
220,48,2002,0.004837231612488107
221,49,2002,0.005255068863165882
222,50,2002,0.00571839501132231
223,51,2002,0.006232813096792264
224,52,2002,0.0068046887844005295
225,53,2002,0.007441262793431633
226,54,2002,0.008150781078174012
227,55,2002,0.008942645734669795
228,56,2002,0.00982759013473332
229,57,2002,0.010817882411789815
230,58,2002,0.011927562163036413
231,59,2002,0.013172716111569989
232,60,2002,0.014571799517798814
233,61,2002,0.017291018619176438
234,62,2002,0.018880971973469694
235,63,2002,0.02065953942819797
236,64,2002,0.02265215067997952
237,65,2002,0.024888044062345675
238,66,2002,0.027400886312360425
239,67,2002,0.03022950064814729
240,68,2002,0.033418723294936885
241,69,2002,0.03702041255391666
242,70,2002,0.04109463928194423
243,71,2002,0.045711093417673945
244,72,2002,0.050950748167245104
245,73,2002,0.05690783191591804
246,74,2002,0.0636921681871622
247,75,2002,0.07143195642909965
248,76,2002,0.08027708156439846
249,77,2002,0.09040305870378576
250,78,2002,0.10201574194900263
251,79,2002,0.11535695373063279
252,80,2002,0.1307112247948607
253,81,2002,0.14841387620370697
254,82,2002,0.16886072532565644
255,83,2002,0.1925197599821477
256,84,2002,0.2199452014386632
257,85,2002,0.2517944712284076
258,0,2003,0.015634597848268466
259,1,2003,0.005328914275082184
260,2,2003,0.002210911892407152
261,3,2003,0.0010983811093973873
262,4,2003,0.0006427644169588405
263,5,2003,0.0004358489306229986
264,6,2003,0.00033687886450243094
265,7,2003,0.0002919667533651485
266,8,2003,0.00027911496841299016
267,9,2003,0.0002895284064666348
268,10,2003,0.0003205721521585569
269,11,2003,0.00037269640245469034
270,12,2003,0.00044755626214371916
271,13,2003,0.0005460989479888757
272,14,2003,0.0006660311490017371
273,15,2003,0.000798703293663972
274,16,2003,0.0009264295057260293
275,17,2003,0.0010224533083897887
276,18,2003,0.0010562021044718804
277,19,2003,0.001004595538132607
278,20,2003,0.0008654547553667343
279,21,2003,0.0009201307915698533
280,22,2003,0.0009546507265712405
281,23,2003,0.000992186923903211
282,24,2003,0.0010329910041541473
283,25,2003,0.0010773420925788315
284,26,2003,0.001125549931639509
285,27,2003,0.0011779583962436193
286,28,2003,0.0012349494664551813
287,29,2003,0.0012969477205542318
288,30,2003,0.001364425420673942
289,31,2003,0.0014379082740653298
290,32,2003,0.0015179819655681361
291,33,2003,0.0016052995713888064
292,34,2003,0.0017005899811380965
293,35,2003,0.0018046674746559415
294,36,2003,0.0019184426229144184
295,37,2003,0.002042934708788316
296,38,2003,0.0021792858943627336
297,39,2003,0.0023287773974712237
298,40,2003,0.0024928479822278558
299,41,2003,0.002673115117500033
300,42,2003,0.002871399214829877
301,43,2003,0.0030897514247511565
302,44,2003,0.003330485549546136
303,45,2003,0.0035962147233593728
304,46,2003,0.003889893619751541
305,47,2003,0.0042148670752353
306,48,2003,0.004574926168663975
307,49,2003,0.004974372974811182
308,50,2003,0.0054180954211882765
309,51,2003,0.005911653926198447
310,52,2003,0.006461381791432166
311,53,2003,0.007074501670030314
312,54,2003,0.00775926084709753
313,55,2003,0.008525088559776904
314,56,2003,0.00938277916900138
315,57,2003,0.010344705690425584
316,58,2003,0.011425069020688076
317,59,2003,0.012640189183601658
318,60,2003,0.014008846101313326
319,61,2003,0.016628244470657087
320,62,2003,0.018170662081969467
321,63,2003,0.019898889674207144
322,64,2003,0.021838393020947654
323,65,2003,0.02401852051420715
324,66,2003,0.02647314682327213
325,67,2003,0.02924143123218584
326,68,2003,0.032368712404844874
327,69,2003,0.03590756568770825
328,70,2003,0.03991905434067296
329,71,2003,0.04447421248969493
330,72,2003,0.04965580536994377
331,73,2003,0.05556042188331079
332,74,2003,0.062300966008479106
333,75,2003,0.07000962764442493
334,76,2003,0.0788414306192836
335,77,2003,0.08897847657477705
336,78,2003,0.10063502913370229
337,79,2003,0.11406361428247988
338,80,2003,0.1295623516314098
339,81,2003,0.14748377887043826
340,82,2003,0.16824549046241463
341,83,2003,0.19234298408920683
342,84,2003,0.22036519794333861
343,85,2003,0.25301333284407895
344,0,2004,0.014562768185753987
345,1,2004,0.005031793394469625
346,2,2004,0.002112560877391568
347,3,2004,0.0010602865702879802
348,4,2004,0.0006258711197933292
349,5,2004,0.0004274784387360381
350,6,2004,0.0003323771781361156
351,7,2004,0.0002894382243314572
352,8,2004,0.000277720736830069
353,9,2004,0.00028887402664753753
354,10,2004,0.00032046195069904165
355,11,2004,0.0003730201283162611
356,12,2004,0.00044822482723304524
357,13,2004,0.0005470001228311886
358,14,2004,0.0006670015468054375
359,15,2004,0.0007995289395060154
360,16,2004,0.0009268927653118913
361,17,2004,0.0010224281121911406
362,18,2004,0.0010557572806948448
363,19,2004,0.0010040224622242468
364,20,2004,0.0008651488640540814
365,21,2004,0.000906036718534626
366,22,2004,0.000935834212461183
367,23,2004,0.0009684060063233928
368,24,2004,0.0010039716907982057
369,25,2004,0.0010427756858595628
370,26,2004,0.0010850900021117994
371,27,2004,0.001131217367358392
372,28,2004,0.0011814947680669212
373,29,2004,0.0012362974628656808
374,30,2004,0.0012960435338526428
375,31,2004,0.001361199051510012
376,32,2004,0.001432283940628031
377,33,2004,0.0015098786481215715
378,34,2004,0.0015946317292918472
379,35,2004,0.0016872684873202588
380,36,2004,0.0017886008220264736
381,37,2004,0.001899538468703917
382,38,2004,0.0020211018367843163
383,39,2004,0.0021544366919147503
384,40,2004,0.002300830964628287
385,41,2004,0.002461734015188143
386,42,2004,0.00263877873861537
387,43,2004,0.0028338069578348734
388,44,2004,0.0030488986280358663
389,45,2004,0.003286405463818235
390,46,2004,0.0035489897049639976
391,47,2004,0.0038396688596948293
392,48,2004,0.004161867409595346
393,49,2004,0.004519476632239139
394,50,2004,0.004916923901037326
395,51,2004,0.005359253063041677
396,52,2004,0.005852217781712968
397,53,2004,0.006402390071835279
398,54,2004,0.007017286658450015
399,55,2004,0.007705516273718613
400,56,2004,0.008476951580478505
401,57,2004,0.009342930097642487
402,58,2004,0.01031648932314854
403,59,2004,0.011412642232332616
404,60,2004,0.012648700506650921
405,61,2004,0.014811652702774325
406,62,2004,0.016276620000331123
407,63,2004,0.01792414496353168
408,64,2004,0.01977999557471968
409,65,2004,0.02187396192005252
410,66,2004,0.024240536778004827
411,67,2004,0.026919719639867917
412,68,2004,0.02995796794393252
413,69,2004,0.03340932414138598
414,70,2004,0.037336753081055385
415,71,2004,0.041813731332587645
416,72,2004,0.04692613874774397
417,73,2004,0.052774513138094094
418,74,2004,0.05947674185826941
419,75,2004,0.06717127986400005
420,76,2004,0.07602100312896777
421,77,2004,0.08621782998026421
422,78,2004,0.09798827197600811
423,79,2004,0.11160011167902427
424,80,2004,0.12737044867142222
425,81,2004,0.14567540939646373
426,82,2004,0.16696188339442744
427,83,2004,0.19176173133363184
428,84,2004,0.22070901283284822
429,85,2004,0.25456090933258624
430,0,2005,0.013761974594446976
431,1,2005,0.0047217246498554456
432,2,2005,0.0019721431268056393
433,3,2005,0.0009863967001772648
434,4,2005,0.0005811627076129319
435,5,2005,0.000396765912593329
436,6,2005,0.00030875855215728096
437,7,2005,0.00026940720435202927
438,8,2005,0.00025927612172644453
439,9,2005,0.00027073006379772937
440,10,2005,0.00030170925774959336
441,11,2005,0.0003530014702722042
442,12,2005,0.00042653793205350816
443,13,2005,0.0005235879111652453
444,14,2005,0.0006422881499004085
445,15,2005,0.0007745261672207743
446,16,2005,0.0009031621051034034
447,17,2005,0.0010017890634323034
448,18,2005,0.0010397414838076596
449,19,2005,0.0009932772859970653
450,20,2005,0.0008591504526375455
451,21,2005,0.0008977339852532111
452,22,2005,0.0009217672636148374
453,23,2005,0.000948321541346664
454,24,2005,0.0009775763204523161
455,25,2005,0.0010097327733293822
456,26,2005,0.0010450160334309609
457,27,2005,0.0010836778006404182
458,28,2005,0.001125999303278341
459,29,2005,0.001172294665127782
460,30,2005,0.0012229147333400726
461,31,2005,0.0012782514317410565
462,32,2005,0.0013387427140996461
463,33,2005,0.0014048782035857034
464,34,2005,0.0014772056182142735
465,35,2005,0.0015563380978804175
466,36,2005,0.001642962567026513
467,37,2005,0.0017378492885170968
468,38,2005,0.001841862789476456
469,39,2005,0.0019559743693253247
470,40,2005,0.00208127643481239
471,41,2005,0.0022189989473979503
472,42,2005,0.0023705283160113427
473,43,2005,0.002537429124282784
474,44,2005,0.0027214691474094404
475,45,2005,0.002924648191726225
476,46,2005,0.003149231382052229
477,47,2005,0.003397787630655211
478,48,2005,0.0036732341504348304
479,49,2005,0.0039788880275308785
480,50,2005,0.00431852604965782
481,51,2005,0.004696454201637146
482,52,2005,0.005117588495577747
483,53,2005,0.005587549108064291
484,54,2005,0.00611277016036828
485,55,2005,0.006700627911966237
486,56,2005,0.00735959065690988
487,57,2005,0.008099394234277281
488,58,2005,0.008931247809205527
489,59,2005,0.009868075475596531
490,60,2005,0.010924800306814796
491,61,2005,0.012541693814036126
492,62,2005,0.013902949640162974
493,63,2005,0.015442398602942196
494,64,2005,0.017186190449626652
495,65,2005,0.019164678361093365
496,66,2005,0.021413147213757238
497,67,2005,0.0239726764323867
498,68,2005,0.026891163761993672
499,69,2005,0.030224541706308988
500,70,2005,0.034038224967992164
501,71,2005,0.038408835244431366
502,72,2005,0.04342625950701064
503,73,2005,0.04919610982167858
504,74,2005,0.055842667350206696
505,75,2005,0.06351241101875711
506,76,2005,0.07237825321508697
507,77,2005,0.08264463172427168
508,78,2005,0.09455364011246369
509,79,2005,0.10839241938535278
510,80,2005,0.12450208381187583
511,81,2005,0.14328851559917852
512,82,2005,0.16523543948985583
513,83,2005,0.1909202829069092
514,84,2005,0.22103344448594286
515,85,2005,0.25640173934801724
516,0,2006,0.013130329821868349
517,1,2006,0.004484170562835952
518,2,2006,0.0018689680956678646
519,3,2006,0.0009348931407257687
520,4,2006,0.0005519368935044248
521,5,2006,0.00037819108491463354
522,6,2006,0.00029577032908098257
523,7,2006,0.00025962494777808114
524,8,2006,0.00025154389690901306
525,9,2006,0.0002645353631512979
526,10,2006,0.00029694999571069165
527,11,2006,0.0003498964924795754
528,12,2006,0.0004255784009052379
529,13,2006,0.0005254487175856238
530,14,2006,0.0006476179950940018
531,15,2006,0.0007835601438055833
532,16,2006,0.000915203494173402
533,17,2006,0.0010148034836355794
534,18,2006,0.0010504907232788893
535,19,2006,0.0009983332385974759
536,20,2006,0.0008565622329440843
537,21,2006,0.000905421557055274
538,22,2006,0.0009232177525248104
539,23,2006,0.0009433865475869384
540,24,2006,0.0009660673991619533
541,25,2006,0.0009914193474398552
542,26,2006,0.0010196228711529631
543,27,2006,0.0010508820229671743
544,28,2006,0.0010854268802772105
545,29,2006,0.0011235163524739265
546,30,2006,0.001165441392416547
547,31,2006,0.0012115286675469425
548,32,2006,0.0012621447550113366
549,33,2006,0.0013177009355249628
550,34,2006,0.0013786586727840093
551,35,2006,0.0014455358793005256
552,36,2006,0.001518914085969686
553,37,2006,0.001599446651901723
554,38,2006,0.0016878681735700927
555,39,2006,0.001785005278746273
556,40,2006,0.0018917890217285372
557,41,2006,0.0020092691328844796
558,42,2006,0.002138630418538454
559,43,2006,0.0022812116579701554
560,44,2006,0.002438527404215032
561,45,2006,0.0026122931662292963
562,46,2006,0.0028044545339120474
563,47,2006,0.0030172209070013305
564,48,2006,0.0032531046070333742
565,49,2006,0.0035149662920539613
566,50,2006,0.003806067761039357
567,51,2006,0.004130133434385924
568,52,2006,0.004491422034855149
569,53,2006,0.004894810277878192
570,54,2006,0.005345890720672003
571,55,2006,0.0058510863277857665
572,56,2006,0.006417784800577628
573,57,2006,0.00705449630688439
574,58,2006,0.007771038955727976
575,59,2006,0.008578757215871683
576,60,2006,0.009490779507664181
577,61,2006,0.010660879104838181
578,62,2006,0.011916492785824016
579,63,2006,0.0133448925569731
580,64,2006,0.01497245097755669
581,65,2006,0.016829914483530623
582,66,2006,0.01895318098937024
583,67,2006,0.02138422432335931
584,68,2006,0.02417219474349586
585,69,2006,0.02737473089377766
586,70,2006,0.031059526007987684
587,71,2006,0.035306200253665355
588,72,2006,0.040208542207798285
589,73,2006,0.04587719603209637
590,74,2006,0.05244288754475269
591,75,2006,0.06006030278114263
592,76,2006,0.0689127576848036
593,77,2006,0.07921782837561064
594,78,2006,0.09123414937877761
595,79,2006,0.10526963398065967
596,80,2006,0.12169142864681719
597,81,2006,0.14093798487280776
598,82,2006,0.16353372029313504
599,83,2006,0.19010685055537227
600,84,2006,0.22141110965734198
601,85,2006,0.2583522457880593
602,0,2007,0.012757477153349912
603,1,2007,0.0043675635914322405
604,2,2007,0.0018229391959728848
605,3,2007,0.0009123387570470196
606,4,2007,0.000538497322945955
607,5,2007,0.00036867776199325217
608,6,2007,0.0002879643950463909
609,7,2007,0.00025237805457003847
610,8,2007,0.00024410564043755793
611,9,2007,0.0002562771934570741
612,10,2007,0.00028723708432081777
613,11,2007,0.00033803522068647814
614,12,2007,0.0004108343764526639
615,13,2007,0.0005071628879210856
616,14,2007,0.0006254556365801915
617,15,2007,0.0007578903838302961
618,16,2007,0.0008875025537692646
619,17,2007,0.0009878218809739742
620,18,2007,0.0010278410895995262
621,19,2007,0.0009833408904910308
622,20,2007,0.0008507569386142224
623,21,2007,0.0008980229229468005
624,22,2007,0.0009111220475164673
625,23,2007,0.0009265233228332007
626,24,2007,0.000944336601881371
627,25,2007,0.0009646904001188056
628,26,2007,0.0009877334404527196
629,27,2007,0.0010136364630535853
630,28,2007,0.0010425943308201406
631,29,2007,0.001074828466797742
632,30,2007,0.001110589666145105
633,31,2007,0.0011501613324926346
634,32,2007,0.0011938631969166036
635,33,2007,0.0012420555874763806
636,34,2007,0.0012951443285734643
637,35,2007,0.0013535863625830605
638,36,2007,0.0014178962016275754
639,37,2007,0.0014886533354178692
640,38,2007,0.0015665107422720335
641,39,2007,0.0016522046753164406
642,40,2007,0.0017465659251767595
643,41,2007,0.0018505327950111452
644,42,2007,0.001965166064521714
645,43,2007,0.0020916662678012597
646,44,2007,0.002231393666966963
647,45,2007,0.0023858913712310388
648,46,2007,0.0025569121314415215
649,47,2007,0.0027464494357053947
650,48,2007,0.0029567736455130187
651,49,2007,0.0031904740474828293
652,50,2007,0.003450507857877894
653,51,2007,0.003740257410792749
654,52,2007,0.0040635969929053856
655,53,2007,0.0044249710658804085
656,54,2007,0.00482948595156958
657,55,2007,0.005283017456880182
658,56,2007,0.005792337398971761
659,57,2007,0.0063652625749063265
660,58,2007,0.007010830424577334
661,59,2007,0.007739506488115974
662,60,2007,0.008563429791484431
663,61,2007,0.00947873145218786
664,62,2007,0.010653632785448489
665,63,2007,0.011996182538154196
666,64,2007,0.013532755831785022
667,65,2007,0.015294217595696748
668,66,2007,0.017316739415866013
669,67,2007,0.01964277386236783
670,68,2007,0.02232221826115413
671,69,2007,0.0254138066732617
672,70,2007,0.028986777150435603
673,71,2007,0.033122871498354696
674,72,2007,0.0379187372285371
675,73,2007,0.04348881665284306
676,74,2007,0.04996882683534847
677,75,2007,0.05751995719268049
678,76,2007,0.06633393995646684
679,77,2007,0.07663918376615869
680,78,2007,0.08870820395314115
681,79,2007,0.10286663661632833
682,80,2007,0.11950418989078851
683,81,2007,0.1390879680286684
684,82,2007,0.1621787060065923
685,83,2007,0.18945057932585774
686,84,2007,0.22171541175124204
687,85,2007,0.25995230084588583
688,0,2008,0.01245930324826249
689,1,2008,0.004225339075781173
690,2,2008,0.001752181225970451
691,3,2008,0.0008735719794130231
692,4,2008,0.0005148410322779105
693,5,2008,0.0003526589931102551
694,6,2008,0.000276055685747854
695,7,2008,0.0002428012515632619
696,8,2008,0.00023592295860726714
697,9,2008,0.00024900445646691254
698,10,2008,0.0002806817862416559
699,11,2008,0.0003322340271094788
700,12,2008,0.00040602177449725085
701,13,2008,0.0005037121702658465
702,14,2008,0.000623729143320712
703,15,2008,0.0007579536900154638
704,16,2008,0.0008887403902655359
705,17,2008,0.000988656313769225
706,18,2008,0.0010259035191396348
707,19,2008,0.0009763623248466296
708,20,2008,0.0008379370487778251
709,21,2008,0.0008524707868653471
710,22,2008,0.000864543802015298
711,23,2008,0.0008788245651619829
712,24,2008,0.0008954164404598655
713,25,2008,0.0009144408738756903
714,26,2008,0.000936038874590863
715,27,2008,0.0009603727558748094
716,28,2008,0.0009876281655031686
717,29,2008,0.0010180164412394613
718,30,2008,0.0010517773331417248
719,31,2008,0.0010891821416488766
720,32,2008,0.0011305373287238117
721,33,2008,0.001176188668992143
722,34,2008,0.0012265260190653974
723,35,2008,0.001281988796370181
724,36,2008,0.0013430722741696868
725,37,2008,0.0014103348174770577
726,38,2008,0.0014844062057171334
727,39,2008,0.0015659972128857543
728,40,2008,0.001655910645291617
729,41,2008,0.0017550540715920286
730,42,2008,0.001864454520766782
731,43,2008,0.001985275472134332
732,44,2008,0.0021188365189690065
733,45,2008,0.0022666361554949895
734,46,2008,0.002430378218144128
735,47,2008,0.0026120026085449106
736,48,2008,0.0028137210408733715
737,49,2008,0.0030380586937140837
738,50,2008,0.0032879028110247947
739,51,2008,0.00356655949372552
740,52,2008,0.003877820159597705
741,53,2008,0.00422603943280767
742,54,2008,0.004616226565495088
743,55,2008,0.005054152904745289
744,56,2008,0.0055464784138825555
745,57,2008,0.006100900855737908
746,58,2008,0.006726331969877552
747,59,2008,0.007433105853389037
748,60,2008,0.008233225819740281
749,61,2008,0.009117933137582062
750,62,2008,0.01025446301626592
751,63,2008,0.011555021290142464
752,64,2008,0.013045774996887319
753,65,2008,0.014757416165555294
754,66,2008,0.016725999234770576
755,67,2008,0.018993942869622155
756,68,2008,0.021611230188220018
757,69,2008,0.02463684878581972
758,70,2008,0.028140520992017394
759,71,2008,0.03220478590844847
760,72,2008,0.036927508440660534
761,73,2008,0.04242490736897362
762,74,2008,0.048835215261157354
763,75,2008,0.056323108666816474
764,76,2008,0.06508507874093765
765,77,2008,0.07535595171507747
766,78,2008,0.08741681734247751
767,79,2008,0.10160468394182681
768,80,2008,0.11832425391521537
769,81,2008,0.1380623073508808
770,82,2008,0.16140529824944272
771,83,2008,0.1890609139832386
772,84,2008,0.22188453134065955
773,85,2008,0.26091173146057145
774,0,2009,0.012187205948219341
775,1,2009,0.004145784222995542
776,2,2009,0.0017217642469419005
777,3,2009,0.0008584830037098264
778,4,2009,0.000505367514386432
779,5,2009,0.0003454038105063476
780,6,2009,0.00026953656463238
781,7,2009,0.000236159593928955
782,8,2009,0.0002284638109828107
783,9,2009,0.00023998259114530655
784,10,2009,0.00026916534009000626
785,11,2009,0.0003170021361164525
786,12,2009,0.0003855098468493194
787,13,2009,0.0004760642559482179
788,14,2009,0.0005870553706816315
789,15,2009,0.000710890198516413
790,16,2009,0.0008313091028180951
791,17,2009,0.0009231784822960706
792,18,2009,0.0009574112290001797
793,19,2009,0.0009118589085353876
794,20,2009,0.0007843314645609059
795,21,2009,0.0007905417502306809
796,22,2009,0.0008031827294199259
797,23,2009,0.0008179054652744937
798,24,2009,0.0008348165633878292
799,25,2009,0.0008540399815903333
800,26,2009,0.0008757185435361431
801,27,2009,0.0009000157052502465
802,28,2009,0.0009271176051954579
803,29,2009,0.0009572354337940484
804,30,2009,0.0009906081645227375
805,31,2009,0.0010275056958439577
806,32,2009,0.0010682324615194196
807,33,2009,0.0011131315764843705
808,34,2009,0.0011625895966917512
809,35,2009,0.0012170419844600119
810,36,2009,0.001276979386227448
811,37,2009,0.0013429548476474552
812,38,2009,0.001415592112150984
813,39,2009,0.0014955951740497225
814,40,2009,0.0015837592866676236
815,41,2009,0.001680983660721802
816,42,2009,0.0017882861292490239
817,43,2009,0.0019068201040194654
818,44,2009,0.002037894206072837
819,45,2009,0.002182995021533498
820,46,2009,0.002343813515358272
821,47,2009,0.0025222757327371978
822,48,2009,0.002720578533641245
823,49,2009,0.0029412312442926376
824,50,2009,0.0031871042747331777
825,51,2009,0.003461485949783327
826,52,2009,0.003768149038331154
827,53,2009,0.0041114287513618186
828,54,2009,0.004496314322554979
829,55,2009,0.0049285566990001865
830,56,2009,0.005414795368730185
831,57,2009,0.005962707954871295
832,58,2009,0.0065811869359817645
833,59,2009,0.007280548736508719
834,60,2009,0.008072781504586866
835,61,2009,0.008994947251931323
836,62,2009,0.01010449969083024
837,63,2009,0.011374701827159312
838,64,2009,0.012831405774866427
839,65,2009,0.014504991187732531
840,66,2009,0.0164312162530427
841,67,2009,0.018652238745556222
842,68,2009,0.02121784302111452
843,69,2009,0.02418691677799486
844,70,2009,0.027629231204024687
845,71,2009,0.03162759020279621
846,72,2009,0.036280429308706195
847,73,2009,0.04170496335391138
848,74,2009,0.04804100481351243
849,75,2009,0.05545560312480663
850,76,2009,0.06414869053155114
851,77,2009,0.07435996388249541
852,78,2009,0.08637728650730067
853,79,2009,0.1005469625724781
854,80,2009,0.11728632169055124
855,81,2009,0.13709915845973983
856,82,2009,0.1605947056875989
857,83,2009,0.1885109884675521
858,84,2009,0.22174361815663404
859,85,2009,0.26138135227963644
860,0,2010,0.011633531620073492
861,1,2010,0.003939554060702719
862,2,2010,0.001631251197654118
863,3,2010,0.0008120121832185849
864,4,2010,0.00047775121852870945
865,5,2010,0.0003266391609754197
866,6,2010,0.00025514762064897796
867,7,2010,0.0002238727587591366
868,8,2010,0.0002169337231430275
869,9,2010,0.00022824360222778025
870,10,2010,0.0002563571965022582
871,11,2010,0.00030220204952489466
872,12,2010,0.00036760712641919753
873,13,2010,0.00045366439622000613
874,14,2010,0.0005584436588261441
875,15,2010,0.0006741360564506172
876,16,2010,0.0007846372237734014
877,17,2010,0.0008657112305005897
878,18,2010,0.0008902041643058881
879,19,2010,0.0008387803569070412
880,20,2010,0.0007119976732025948
881,21,2010,0.000727037753390412
882,22,2010,0.0007403916884547969
883,23,2010,0.000755707559369893
884,24,2010,0.000773096413537947
885,25,2010,0.0007926860418283684
886,26,2010,0.0008146225419562951
887,27,2010,0.0008390721308033415
888,28,2010,0.0008662232370991225
889,29,2010,0.0008962889112510246
890,30,2010,0.0009295095953080695
891,31,2010,0.00096615630322575
892,32,2010,0.0010065342699428625
893,33,2010,0.0010509871375019991
894,34,2010,0.001099901757795182
895,35,2010,0.0011537137047951626
896,36,2010,0.001212913604697843
897,37,2010,0.0012780544106772316
898,38,2010,0.0013497597704481697
899,39,2010,0.0014287336601498122
900,40,2010,0.0015157714879293275
901,41,2010,0.0016117729058894121
902,42,2010,0.0017177566108073933
903,43,2010,0.0018348774634907624
904,44,2010,0.0019644463153111504
905,45,2010,0.0021079530001725543
906,46,2010,0.0022670930331111982
907,47,2010,0.0024437986555416605
908,48,2010,0.0026402749850600715
909,49,2010,0.0028590421685709484
910,50,2010,0.003102984606027811
911,51,2010,0.003375408513988435
912,52,2010,0.0036801093404414654
913,53,2010,0.004021450833438126
914,54,2010,0.004404457916301404
915,55,2010,0.004834925944217168
916,56,2010,0.005319549426290795
917,57,2010,0.005866073912611338
918,58,2010,0.006483475490729665
919,59,2010,0.007182173238764938
920,60,2010,0.007974281078216246
921,61,2010,0.008958122004367828
922,62,2010,0.010043255948662294
923,63,2010,0.011285552110543749
924,64,2010,0.012710475922937716
925,65,2010,0.014348005558645892
926,66,2010,0.01623349315785073
927,67,2010,0.018408701279859288
928,68,2010,0.020923052301147292
929,69,2010,0.023835137024958524
930,70,2010,0.02721453933706083
931,71,2010,0.031144046839079273
932,72,2010,0.03572233364545249
933,73,2010,0.0410672217362539
934,74,2010,0.04731965241702663
935,75,2010,0.054648530813100324
936,76,2010,0.06325664551972131
937,77,2010,0.0733879145685289
938,78,2010,0.08533627032925162
939,79,2010,0.09945657311507076
940,80,2010,0.11617804026742685
941,81,2010,0.13602079967509773
942,82,2010,0.15961633082163057
943,83,2010,0.1877327512408203
944,84,2010,0.22130615282445093
945,85,2010,0.2614795050612301
946,0,2011,0.011160858920672633
947,1,2011,0.0037981970251587524
948,2,2011,0.0015758509626879716
949,3,2011,0.0007839649758168329
950,4,2011,0.00045994736309770776
951,5,2011,0.0003129937355402125
952,6,2011,0.00024297706556994307
953,7,2011,0.00021163287491627754
954,8,2011,0.00020341139487431613
955,9,2011,0.00021219141445006764
956,10,2011,0.00023627991566293747
957,11,2011,0.00027622206149052796
958,12,2011,0.0003334329837632352
959,13,2011,0.00040875538114747704
960,14,2011,0.0005005059227494354
961,15,2011,0.0006020490270032471
962,16,2011,0.0006997090360226161
963,17,2011,0.0007727734235051845
964,18,2011,0.0007976677451837723
965,19,2011,0.0007568557736842421
966,20,2011,0.0006492493977615698
967,21,2011,0.0006637382281864284
968,22,2011,0.000678486398695568
969,23,2011,0.000695074287005784
970,24,2011,0.0007136200809182206
971,25,2011,0.0007342579618649364
972,26,2011,0.0007571397182606473
973,27,2011,0.0007824365985045423
974,28,2011,0.0008103414351890491
975,29,2011,0.0008410710772292143
976,30,2011,0.0008748691725956527
977,31,2011,0.0009120093512613182
978,32,2011,0.0009527988660294787
979,33,2011,0.0009975827583001329
980,34,2011,0.00104674862679516
981,35,2011,0.0011007320900838465
982,36,2011,0.0011600230487688996
983,37,2011,0.001225172870811577
984,38,2011,0.0012968026441734495
985,39,2011,0.0013756126653043169
986,40,2011,0.0014623933606953815
987,41,2011,0.001558037872562579
988,42,2011,0.0016635565797075782
989,43,2011,0.0017800938718994658
990,44,2011,0.0019089475521408847
991,45,2011,0.0020515913076266904
992,46,2011,0.0022097007691160063
993,47,2011,0.0023851837722850097
994,48,2011,0.0025802155463842185
995,49,2011,0.002797279688787792
996,50,2011,0.003039215943147937
997,51,2011,0.003309275989132203
998,52,2011,0.003611188679530422
999,53,2011,0.003949236433654266
1000,54,2011,0.0043283448238878655
1001,55,2011,0.0047541877865235685
1002,56,2011,0.005233311362715879
1003,57,2011,0.005773279447715616
1004,58,2011,0.006382845717559507
1005,59,2011,0.007072156737883961
1006,60,2011,0.007852992271155415
1007,61,2011,0.008936068291371583
1008,62,2011,0.009997745448280734
1009,63,2011,0.011213188976926506
1010,64,2011,0.012607462303357313
1011,65,2011,0.014210118042837823
1012,66,2011,0.016056066691636717
1013,67,2011,0.018186624988386982
1014,68,2011,0.020650783345341157
1015,69,2011,0.02350674085529345
1016,70,2011,0.026823767692253295
1017,71,2011,0.03068446880186355
1018,72,2011,0.035187540327100864
1019,73,2011,0.04045113212961433
1020,74,2011,0.046616957180152845
1021,75,2011,0.05385532294179386
1022,76,2011,0.06237130298756259
1023,77,2011,0.07241232131205408
1024,78,2011,0.08427749009223158
1025,79,2011,0.09832912783272714
1026,80,2011,0.11500699377202458
1027,81,2011,0.13484591238449645
1028,82,2011,0.15849763683110413
1029,83,2011,0.1867580226426826
1030,84,2011,0.220600866118811
1031,85,2011,0.26122012314746607
1032,0,2012,0.010596393156491654
1033,1,2012,0.0036260532031793967
1034,2,2012,0.0015110085065857478
1035,3,2012,0.0007541759610935421
1036,4,2012,0.00044347374178908247
1037,5,2012,0.00030218228000067083
1038,6,2012,0.00023468878992162433
1039,7,2012,0.0002043404644888344
1040,8,2012,0.00019618757326597474
1041,9,2012,0.00020429611718776765
1042,10,2012,0.00022695337123571774
1043,11,2012,0.0002645559187568059
1044,12,2012,0.0003182871124887005
1045,13,2012,0.00038873868795203384
1046,14,2012,0.0004740782410533073
1047,15,2012,0.0005678220313843229
1048,16,2012,0.0006569931223639442
1049,17,2012,0.0007222909697880506
1050,18,2012,0.0007421346943768383
1051,19,2012,0.0007009529738683936
1052,20,2012,0.0005986142318372116
1053,21,2012,0.000612464434424154
1054,22,2012,0.0006282077821486499
1055,23,2012,0.0006457015794829485
1056,24,2012,0.00066506866218111
1057,25,2012,0.0006864473286966408
1058,26,2012,0.0007099929775339523
1059,27,2012,0.0007358799770069509
1060,28,2012,0.0007643037987179435
1061,29,2012,0.0007954834510370478
1062,30,2012,0.0008296642546177134
1063,31,2012,0.0008671210086659294
1064,32,2012,0.0009081616044523791
1065,33,2012,0.0009531311516108081
1066,34,2012,0.0010024166933301534
1067,35,2012,0.0010564525988924999
1068,36,2012,0.0011157267364541408
1069,37,2012,0.0011807875458934164
1070,38,2012,0.0012522521514092653
1071,39,2012,0.001330815676887797
1072,40,2012,0.001417261954503456
1073,41,2012,0.0015124758493543083
1074,42,2012,0.0016174574610652703
1075,43,2012,0.0017333385083272504
1076,44,2012,0.0018614012555907148
1077,45,2012,0.0020031004041788456
1078,46,2012,0.0021600884448264
1079,47,2012,0.002334245057368754
1080,48,2012,0.00252771124875201
1081,49,2012,0.0027429290460260374
1082,50,2012,0.002982687710523765
1083,51,2012,0.0032501776178646856
1084,52,2012,0.0035490531616119946
1085,53,2012,0.003883506293468799
1086,54,2012,0.004258352618447318
1087,55,2012,0.004679132329971668
1088,56,2012,0.005152228710141965
1089,57,2012,0.00568500744994623
1090,58,2012,0.006285980682033479
1091,59,2012,0.006965000387943291
1092,60,2012,0.007733486770792326
1093,61,2012,0.00890612511894212
1094,62,2012,0.009943008835760448
1095,63,2012,0.011130166888180382
1096,64,2012,0.012492240737682712
1097,65,2012,0.014058333161302066
1098,66,2012,0.015862883518815537
1099,67,2012,0.01794672701581207
1100,68,2012,0.02035837905345572
1101,69,2012,0.023155595442573604
1102,70,2012,0.026407271344837988
1103,71,2012,0.030195756908332497
1104,72,2012,0.03461968647740417
1105,73,2012,0.03979744198078585
1106,74,2012,0.045871400916296184
1107,75,2012,0.05301315688765808
1108,76,2012,0.06142994799738475
1109,77,2012,0.07137258823512663
1110,78,2012,0.08314527275836985
1111,79,2012,0.0971177240595714
1112,80,2012,0.11374026814253817
1113,81,2012,0.133562585338142
1114,82,2012,0.15725707877660156
1115,83,2012,0.18564805711055776
1116,84,2012,0.21974825282906874
1117,85,2012,0.26080461419798917
1118,0,2013,0.010116046882962006
1119,1,2013,0.0034592919458180456
1120,2,2013,0.0014398122491907064
1121,3,2013,0.0007175152922416352
1122,4,2013,0.00042114096844242713
1123,5,2013,0.0002863909150622308
1124,6,2013,0.00022196821089631502
1125,7,2013,0.00019287969388011124
1126,8,2013,0.0001848463161869174
1127,9,2013,0.00019218878455898308
1128,10,2013,0.00021325666450166348
1129,11,2013,0.0002484270596497303
1130,12,2013,0.0002988692847126662
1131,13,2013,0.00036527012272614896
1132,14,2013,0.00044613046545553174
1133,15,2013,0.0005356595598441059
1134,16,2013,0.0006219557249336257
1135,17,2013,0.0006869705088880586
1136,18,2013,0.0007100502991208952
1137,19,2013,0.0006755802058616829
1138,20,2013,0.0005820574898646639
1139,21,2013,0.0005932682030340536
1140,22,2013,0.0006082270192444794
1141,23,2013,0.0006248945860993716
1142,24,2013,0.0006433898896029826
1143,25,2013,0.0006638471859706953
1144,26,2013,0.0006864176182157075
1145,27,2013,0.0007112710656252395
1146,28,2013,0.0007385982576409758
1147,29,2013,0.0007686131887200554
1148,30,2013,0.0008015558766234539
1149,31,2013,0.0008376955134017193
1150,32,2013,0.0008773340662930675
1151,33,2013,0.0009208103950164566
1152,34,2013,0.0009685049627697723
1153,35,2013,0.0010208452309127466
1154,36,2013,0.0010783118421603738
1155,37,2013,0.0011414457145340444
1156,38,2013,0.0012108561887890104
1157,39,2013,0.0012872303961245742
1158,40,2013,0.0013713440413641136
1159,41,2013,0.0014640738302748322
1160,42,2013,0.0015664118092511244
1161,43,2013,0.0016794819323726392
1162,44,2013,0.001804559226263659
1163,45,2013,0.001943091988901545
1164,46,2013,0.0020967275365677057
1165,47,2013,0.002267342105937835
1166,48,2013,0.0024570756288060922
1167,49,2013,0.0026683722286783285
1168,50,2013,0.0029040274457463934
1169,51,2013,0.0031672433847704604
1170,52,2013,0.0034616932054596585
1171,53,2013,0.0037915966447186647
1172,54,2013,0.004161808583943338
1173,55,2013,0.004577923063758257
1174,56,2013,0.0050463956170439545
1175,57,2013,0.005574687355716817
1176,58,2013,0.006171434928185699
1177,59,2013,0.006846651288048937
1178,60,2013,0.007611963211475671
1179,61,2013,0.008815939661279356
1180,62,2013,0.009825554658935528
1181,63,2013,0.010981889405444844
1182,64,2013,0.012309164583101738
1183,65,2013,0.013836033802477056
1184,66,2013,0.015596464933536749
1185,67,2013,0.0176308095772546
1186,68,2013,0.019987103414103428
1187,69,2013,0.022722650427401358
1188,70,2013,0.025905956851880747
1189,71,2013,0.029619096825898503
1190,72,2013,0.03396061200317362
1191,73,2013,0.03904907292364274
1192,74,2013,0.045027462183185214
1193,75,2013,0.052068580213621964
1194,76,2013,0.060381726146455726
1195,77,2013,0.07022097182450442
1196,78,2013,0.08189543046552378
1197,79,2013,0.09578202784030798
1198,80,2013,0.11234141967158921
1199,81,2013,0.13213787281329317
1200,82,2013,0.1558641507183231
1201,83,2013,0.1843727301934725
1202,84,2013,0.21871504533539216
1203,85,2013,0.2601909305207369
1204,0,2014,0.009454615474182674
1205,1,2014,0.003267643627679038
1206,2,2014,0.0013729548512179223
1207,3,2014,0.0006899055294245659
1208,4,2014,0.00040786443764874523
1209,5,2014,0.0002790717939691798
1210,6,2014,0.0002174057282776843
1211,7,2014,0.00018969767194904275
1212,8,2014,0.0001823769900677418
1213,9,2014,0.00019005362441463036
1214,10,2014,0.00021118418068501917
1215,11,2014,0.00024615392745826436
1216,12,2014,0.00029606928869655195
1217,13,2014,0.00036149492163911915
1218,14,2014,0.0004407723421697283
1219,15,2014,0.0005279719007249314
1220,16,2014,0.0006111849732658287
1221,17,2014,0.0006726373142634477
1222,18,2014,0.0006923356869296711
1223,19,2014,0.0006556332943482845
1224,20,2014,0.0005619463383279226
1225,21,2014,0.0005752006639706924
1226,22,2014,0.0005899071946443832
1227,23,2014,0.0006062794344593689
1228,24,2014,0.0006244343856731785
1229,25,2014,0.0006445039945375246
1230,26,2014,0.0006666367416150725
1231,27,2014,0.0006909994606268678
1232,28,2014,0.0007177794168493155
1233,29,2014,0.0007471866810554654
1234,30,2014,0.0007794568407679276
1235,31,2014,0.0008148540973012578
1236,32,2014,0.0008536748048869362
1237,33,2014,0.000896251517291556
1238,34,2014,0.0009429576179923211
1239,35,2014,0.0009942126224410657
1240,36,2014,0.0010504882555585136
1241,37,2014,0.0011123154247468338
1242,38,2014,0.00118029222885833
1243,39,2014,0.0012550931672692383
1244,40,2014,0.0013374797411464371
1245,41,2014,0.0014283126719586388
1246,42,2014,0.0015285660012268746
1247,43,2014,0.0016393433815767176
1248,44,2014,0.00176189692372119
1249,45,2014,0.0018976490287211437
1250,46,2014,0.002048217711728506
1251,47,2014,0.002215446014814457
1252,48,2014,0.002401436215313299
1253,49,2014,0.002608589665869912
1254,50,2014,0.0028396532572955006
1255,51,2014,0.003097773680538825
1256,52,2014,0.003386560885787507
1257,53,2014,0.0037101624024807544
1258,54,2014,0.004073350503030675
1259,55,2014,0.004481624576507044
1260,56,2014,0.004941331540091313
1261,57,2014,0.0054598076724227
1262,58,2014,0.006045545924431354
1263,59,2014,0.006708393574850999
1264,60,2014,0.007459786079945539
1265,61,2014,0.008692317288150234
1266,62,2014,0.009676253255961388
1267,63,2014,0.010803546055657219
1268,64,2014,0.01209798032393486
1269,65,2014,0.013587728642629674
1270,66,2014,0.015306232341456604
1271,67,2014,0.017293272416465694
1272,68,2014,0.019596274276888592
1273,69,2014,0.02227190066741031
1274,70,2014,0.025388000469748647
1275,71,2014,0.02902599789703309
1276,72,2014,0.0332838277916171
1277,73,2014,0.03827954952050851
1278,74,2014,0.04415580587317746
1279,75,2014,0.05108533638778968
1280,76,2014,0.05927780922315357
1281,77,2014,0.06898830536326504
1282,78,2014,0.08052787787470435
1283,79,2014,0.09427672269646131
1284,80,2014,0.11070064326101846
1285,81,2014,0.13037167855208984
1286,82,2014,0.15399400530940155
1287,83,2014,0.1824365361042223
1288,84,2014,0.21677403705563247
1289,85,2014,0.25833910979453445
1290,0,2015,0.009050727459461774
1291,1,2015,0.0031410758739243857
1292,2,2015,0.0013241911587624391
1293,3,2015,0.0006671401581794542
1294,4,2015,0.00039517954048950705
1295,5,2015,0.00027076941994774186
1296,6,2015,0.00021112973249253684
1297,7,2015,0.0001843149769058732
1298,8,2015,0.0001772352599478847
1299,9,2015,0.00018468631855253216
1300,10,2015,0.0002051782140996586
1301,11,2015,0.00023908730420929612
1302,12,2015,0.00028749305628877084
1303,13,2015,0.00035096241095233235
1304,14,2015,0.00042793033726993554
1305,15,2015,0.0005127215826893401
1306,16,2015,0.0005938858803521531
1307,17,2015,0.0006542656268489307
1308,18,2015,0.0006744530732198518
1309,19,2015,0.0006400482676380977
1310,20,2015,0.0005501155176751624
1311,21,2015,0.0005649398125224452
1312,22,2015,0.0005791948877299576
1313,23,2015,0.0005950824775345212
1314,24,2015,0.0006127164060988561
1315,25,2015,0.0006322251381481488
1316,26,2015,0.0006537533314199673
1317,27,2015,0.0006774636132331288
1318,28,2015,0.0007035386115586571
1319,29,2015,0.0007321832758657202
1320,30,2015,0.000763627528688288
1321,31,2015,0.0007981292954533142
1322,32,2015,0.000835977967793017
1323,33,2015,0.0008774983645268313
1324,34,2015,0.0009230552649734496
1325,35,2015,0.0009730586015137646
1326,36,2015,0.0010279694126967861
1327,37,2015,0.0010883066750500103
1328,38,2015,0.0011546551515846859
1329,39,2015,0.0012276744183258173
1330,40,2015,0.001308109257704612
1331,41,2015,0.0013968016401148967
1332,42,2015,0.001494704553298144
1333,43,2015,0.0016028979846157497
1334,44,2015,0.0017226074150512053
1335,45,2015,0.0018552252475934202
1336,46,2015,0.002002335668453777
1337,47,2015,0.002165743529736783
1338,48,2015,0.002347507949582567
1339,49,2015,0.002549981453892106
1340,50,2015,0.0027758556367257384
1341,51,2015,0.0030282144994129272
1342,52,2015,0.003310596847493482
1343,53,2015,0.0036270693873212503
1344,54,2015,0.003982312479620344
1345,55,2015,0.004381720886602329
1346,56,2015,0.004831522305989406
1347,57,2015,0.005338917036007617
1348,58,2015,0.0059122427803826195
1349,59,2015,0.006561169406418355
1350,60,2015,0.007296929442826216
1351,61,2015,0.008537176786395049
1352,62,2015,0.009496671869882355
1353,63,2015,0.010596280065478084
1354,64,2015,0.011859332967265532
1355,65,2015,0.013313490575450023
1356,66,2015,0.014991615878131142
1357,67,2015,0.016932839625683104
1358,68,2015,0.019183859387319275
1359,69,2015,0.021800527800073948
1360,70,2015,0.024849798537128286
1361,71,2015,0.028412115692474288
1362,72,2015,0.03258435397392952
1363,73,2015,0.03748344456540573
1364,74,2015,0.04325085637075574
1365,75,2015,0.05005814666170705
1366,76,2015,0.058113851606471124
1367,77,2015,0.0676720592333601
1368,78,2015,0.0790430996039476
1369,79,2015,0.09260690521323249
1370,80,2015,0.10882974656773532
1371,81,2015,0.12828524353616153
1372,82,2015,0.15168080554170804
1373,83,2015,0.17989098018742297
1374,84,2015,0.21399961311722926
1375,85,2015,0.25535327165215504
1376,0,2016,0.008766467097671907
1377,1,2016,0.003064959181304458
1378,2,2016,0.001298893333939178
1379,3,2016,0.0006565880805294919
1380,4,2016,0.0003895876874054813
1381,5,2016,0.0002670128620160029
1382,6,2016,0.00020801558748917597
1383,7,2016,0.0001812668237819348
1384,8,2016,0.00017386874768824366
1385,9,2016,0.0001806456430994791
1386,10,2016,0.0002000590626827222
1387,11,2016,0.00023239979957599802
1388,12,2016,0.0002786647645764084
1389,13,2016,0.00033940572664411487
1390,14,2016,0.0004132083411105347
1391,15,2016,0.0004948274786739431
1392,16,2016,0.000573581798591246
1393,17,2016,0.0006333091258423953
1394,18,2016,0.0006554460813817452
1395,19,2016,0.0006257214535739723
1396,20,2016,0.0005422130638791993
1397,21,2016,0.0005572592742611851
1398,22,2016,0.000571166704090166
1399,23,2016,0.0005866768024711858
1400,24,2016,0.0006039005239939091
1401,25,2016,0.0006229631431065369
1402,26,2016,0.0006440057658506578
1403,27,2016,0.0006671870601907655
1404,28,2016,0.0006926852344911351
1405,29,2016,0.0007207002984517125
1406,30,2016,0.0007514566463344254
1407,31,2016,0.0007852060087270793
1408,32,2016,0.000822230826563508
1409,33,2016,0.0008628481098348669
1410,34,2016,0.0009074138536118467
1411,35,2016,0.0009563280959168664
1412,36,2016,0.001010040715954921
1413,37,2016,0.0010690580876075004
1414,38,2016,0.0011339507223639158
1415,39,2016,0.0012053620585430033
1416,40,2016,0.0012840185803840768
1417,41,2016,0.001370741482123429
1418,42,2016,0.0014664601294367113
1419,43,2016,0.0015722276147161326
1420,44,2016,0.0016892387548827772
1421,45,2016,0.001818850942394112
1422,46,2016,0.0019626083337034358
1423,47,2016,0.002122269946963224
1424,48,2016,0.0022998423450158673
1425,49,2016,0.002497617704041195
1426,50,2016,0.0027182182166944485
1427,51,2016,0.0029646479560964554
1428,52,2016,0.0032403535396063957
1429,53,2016,0.003549295186179472
1430,54,2016,0.0038960300671237757
1431,55,2016,0.004285810217988912
1432,56,2016,0.004724697722278955
1433,57,2016,0.005219700411730782
1434,58,2016,0.005778931972666363
1435,59,2016,0.0064118011274621085
1436,60,2016,0.007129235503979083
1437,61,2016,0.008353455254238416
1438,62,2016,0.009289511223506809
1439,63,2016,0.010362549617276425
1440,64,2016,0.011595445216168466
1441,65,2016,0.013015332871524614
1442,66,2016,0.01465447206460997
1443,67,2016,0.016551300398832118
1444,68,2016,0.01875172005304986
1445,69,2016,0.02131067208998437
1446,70,2016,0.024294067203882767
1447,71,2016,0.02778115877555009
1448,72,2016,0.03186746596939621
1449,73,2016,0.036668382329015294
1450,74,2016,0.0423236405468041
1451,75,2016,0.04900284892134671
1452,76,2016,0.05691237222238334
1453,77,2016,0.06630390282469963
1454,78,2016,0.07748516168934362
1455,79,2016,0.09083328911103752
1456,80,2016,0.10681164001379956
1457,81,2016,0.1259908983020406
1458,82,2016,0.14907568292401685
1459,83,2016,0.17693815270627708
1460,84,2016,0.21066055115712
1461,85,2016,0.25158919731969465
