"","V1","V2","V3","V4","V5","V6","V7","V8","V9","V10","V11","V12","V13","V14","V15","V16","V17","V18","V19","V20","V21","V22","V23","V24","V25","V26","V27","V28","V29","V30","V31","V32","V33","V34","V35","V36","V37","V38","V39","V40","V41","V42","V43","V44","V45","V46","V47","V48","V49","V50","V51","V52"
"1",1,1,0.0804115058813479,0.625163021763876,0.292753164318399,0.00167230803637615,0,0,0,0,0,0,0,0,0,0,0,0,0,0,0,0,0,0,0,0,0,0.0804115058813479,0.625163021763876,0.292753164318399,0.00167230803637615,0,0,0,0,0,0,0,0,0,0,0,0,0,0,0,0,0,0,0,0,0
"2",1,0.5,0.0339236040436932,0.532023882217247,0.422416717552073,0.0116357961869869,0,0,0,0,0,0,0,0,0,0,0,0,0,0,0,0,0,0,0,0,0,0.0339236040436932,0.532023882217247,0.422416717552073,0.0116357961869869,0,0,0,0,0,0,0,0,0,0,0,0,0,0,0,0,0,0,0,0,0
"3",1,0.333333333333333,0.0100514382351694,0.409484285832749,0.543033976374094,0.037430299557988,0,0,0,0,0,0,0,0,0,0,0,0,0,0,0,0,0,0,0,0,0,0.0100514382351694,0.409484285832749,0.543033976374094,0.037430299557988,0,0,0,0,0,0,0,0,0,0,0,0,0,0,0,0,0,0,0,0,0
"4",1,0.25,0.00125642977939593,0.280159968639512,0.631989204755335,0.0865943968257558,0,0,0,0,0,0,0,0,0,0,0,0,0,0,0,0,0,0,0,0,0,0.00125642977939593,0.280159968639512,0.631989204755335,0.0865943968257558,0,0,0,0,0,0,0,0,0,0,0,0,0,0,0,0,0,0,0,0,0
"5",1,0.2,-1.49457269477127e-16,0.166666666666667,0.666666666666667,0.166666666666667,0,0,0,0,0,0,0,0,0,0,0,0,0,0,0,0,0,0,0,0,0,-1.49457269477127e-16,0.166666666666667,0.666666666666667,0.166666666666667,0,0,0,0,0,0,0,0,0,0,0,0,0,0,0,0,0,0,0,0,0
"6",1,0.166666666666667,5.25686265351322e-15,0.0865943968257538,0.631989204755335,0.280159968639513,0.00125642977939606,0,0,0,0,0,0,0,0,0,0,0,0,0,0,0,0,0,0,0,0,5.25686265351322e-15,0.0865943968257538,0.631989204755335,0.280159968639513,0.00125642977939606,0,0,0,0,0,0,0,0,0,0,0,0,0,0,0,0,0,0,0,0
"7",1,0.142857142857143,4.37497260641351e-15,0.037430299557986,0.543033976374095,0.409484285832749,0.0100514382351685,0,0,0,0,0,0,0,0,0,0,0,0,0,0,0,0,0,0,0,0,4.37497260641351e-15,0.037430299557986,0.543033976374095,0.409484285832749,0.0100514382351685,0,0,0,0,0,0,0,0,0,0,0,0,0,0,0,0,0,0,0,0
"8",1,0.125,8.48561672317505e-15,0.0116357961869832,0.422416717552073,0.532023882217247,0.0339236040436936,0,0,0,0,0,0,0,0,0,0,0,0,0,0,0,0,0,0,0,0,8.48561672317505e-15,0.0116357961869832,0.422416717552073,0.532023882217247,0.0339236040436936,0,0,0,0,0,0,0,0,0,0,0,0,0,0,0,0,0,0,0,0
"9",1,0.111111111111111,8.31279489688086e-15,0.00167230803637325,0.292753164318399,0.625163021763877,0.0804115058813478,0,0,0,0,0,0,0,0,0,0,0,0,0,0,0,0,0,0,0,0,8.31279489688086e-15,0.00167230803637325,0.292753164318399,0.625163021763877,0.0804115058813478,0,0,0,0,0,0,0,0,0,0,0,0,0,0,0,0,0,0,0,0
"10",1,0.1,1.42409955355971e-14,1.25642977609908e-06,0.176659052702204,0.66628596844351,0.157053722424507,0,0,0,0,0,0,0,0,0,0,0,0,0,0,0,0,0,0,0,0,1.42409955355971e-14,1.25642977609908e-06,0.176659052702204,0.66628596844351,0.157053722424507,0,0,0,0,0,0,0,0,0,0,0,0,0,0,0,0,0,0,0,0
"11",1,0.0909090909090909,1.32619609738427e-14,-3.41300665851878e-15,0.0930863694958947,0.638272610082095,0.26772508311283,0.000915937309179723,0,0,0,0,0,0,0,0,0,0,0,0,0,0,0,0,0,0,0,1.32619609738427e-14,-3.41300665851878e-15,0.0930863694958947,0.638272610082095,0.26772508311283,0.000915937309179723,0,0,0,0,0,0,0,0,0,0,0,0,0,0,0,0,0,0,0
"12",1,0.0833333333333333,1.46135274020631e-14,-4.96592462382326e-15,0.0411706910112499,0.553727450226534,0.396484006905338,0.00861785185687755,0,0,0,0,0,0,0,0,0,0,0,0,0,0,0,0,0,0,0,1.46135274020631e-14,-4.96592462382326e-15,0.0411706910112499,0.553727450226534,0.396484006905338,0.00861785185687755,0,0,0,0,0,0,0,0,0,0,0,0,0,0,0,0,0,0,0
"13",1,0.0769230769230769,8.99280649946377e-15,-4.1152858573125e-15,0.0133784642910091,0.435258686327279,0.520719783492021,0.0306430658896905,0,0,0,0,0,0,0,0,0,0,0,0,0,0,0,0,0,0,0,8.99280649946377e-15,-4.1152858573125e-15,0.0133784642910091,0.435258686327279,0.520719783492021,0.0306430658896905,0,0,0,0,0,0,0,0,0,0,0,0,0,0,0,0,0,0,0
"14",1,0.0714285714285714,9.5511706182938e-15,-2.44816916305374e-15,0.00217111065879574,0.30548205441346,0.617816676843748,0.0745301580839948,0,0,0,0,0,0,0,0,0,0,0,0,0,0,0,0,0,0,0,9.5511706182938e-15,-2.44816916305374e-15,0.00217111065879574,0.30548205441346,0.617816676843748,0.0745301580839948,0,0,0,0,0,0,0,0,0,0,0,0,0,0,0,0,0,0,0
"15",1,0.0666666666666667,2.00030964014886e-14,-8.45872850929741e-15,1.00514382367087e-05,0.187013290514205,0.665158950931392,0.147817707116167,0,0,0,0,0,0,0,0,0,0,0,0,0,0,0,0,0,0,0,2.00030964014886e-14,-8.45872850929741e-15,1.00514382367087e-05,0.187013290514205,0.665158950931392,0.147817707116167,0,0,0,0,0,0,0,0,0,0,0,0,0,0,0,0,0,0,0
"16",1,0.0625,1.49752172468043e-14,4.2532438074977e-15,-6.06282355549031e-15,0.0998949624704423,0.643990622008127,0.25547112347438,0.000643292047050784,0,0,0,0,0,0,0,0,0,0,0,0,0,0,0,0,0,0,1.49752172468043e-14,4.2532438074977e-15,-6.06282355549031e-15,0.0998949624704423,0.643990622008127,0.25547112347438,0.000643292047050784,0,0,0,0,0,0,0,0,0,0,0,0,0,0,0,0,0,0
"17",1,0.0588235294117647,6.17561557447743e-15,6.97876543880038e-15,-6.71446701881804e-15,0.0451523169821554,0.564081688038539,0.383438496505869,0.00732749847343783,0,0,0,0,0,0,0,0,0,0,0,0,0,0,0,0,0,0,6.17561557447743e-15,6.97876543880038e-15,-6.71446701881804e-15,0.0451523169821554,0.564081688038539,0.383438496505869,0.00732749847343783,0,0,0,0,0,0,0,0,0,0,0,0,0,0,0,0,0,0
"18",1,0.0555555555555556,1.41941580017457e-14,3.56913934171366e-15,-8.99782262857741e-15,0.0152869811259121,0.447987576422343,0.509144295934444,0.0275811465173023,0,0,0,0,0,0,0,0,0,0,0,0,0,0,0,0,0,0,1.41941580017457e-14,3.56913934171366e-15,-8.99782262857741e-15,0.0152869811259121,0.447987576422343,0.509144295934444,0.0275811465173023,0,0,0,0,0,0,0,0,0,0,0,0,0,0,0,0,0,0
"19",1,0.0526315789473684,-1.2195106036117e-15,8.21451196994505e-15,-9.34185183636832e-15,0.00276037622533316,0.31832402318867,0.609972785730978,0.0689428148550206,0,0,0,0,0,0,0,0,0,0,0,0,0,0,0,0,0,0,-1.2195106036117e-15,8.21451196994505e-15,-9.34185183636832e-15,0.00276037622533316,0.31832402318867,0.609972785730978,0.0689428148550206,0,0,0,0,0,0,0,0,0,0,0,0,0,0,0,0,0,0
"20",1,0.05,-9.03964403331514e-15,3.47963845237498e-15,-7.96927899105598e-15,3.39236040420991e-05,0.197706764366649,0.66330822986634,0.138951082162969,0,0,0,0,0,0,0,0,0,0,0,0,0,0,0,0,0,0,-9.03964403331514e-15,3.47963845237498e-15,-7.96927899105598e-15,3.39236040420991e-05,0.197706764366649,0.66330822986634,0.138951082162969,0,0,0,0,0,0,0,0,0,0,0,0,0,0,0,0,0,0
"21",1,0.0476190476190476,1.50990331349021e-14,7.17893626489552e-15,-1.49998015310654e-14,-1.12134141731883e-15,0.107027714328077,0.6491206247974,0.243420705460193,0.000430955414332854,0,0,0,0,0,0,0,0,0,0,0,0,0,0,0,0,0,1.50990331349021e-14,7.17893626489552e-15,-1.49998015310654e-14,-1.12134141731883e-15,0.107027714328077,0.6491206247974,0.243420705460193,0.000430955414332854,0,0,0,0,0,0,0,0,0,0,0,0,0,0,0,0,0
"22",1,0.0454545454545455,-3.47118167542959e-15,1.23685783837146e-14,-1.55414147263305e-14,-2.2234974854428e-15,0.049382716049386,0.574074074074073,0.37037037037037,0.00617283950617287,0,0,0,0,0,0,0,0,0,0,0,0,0,0,0,0,0,-3.47118167542959e-15,1.23685783837146e-14,-1.55414147263305e-14,-2.2234974854428e-15,0.049382716049386,0.574074074074073,0.37037037037037,0.00617283950617287,0,0,0,0,0,0,0,0,0,0,0,0,0,0,0,0,0
"23",1,0.0434782608695652,3.55531576401447e-14,-8.62439460125319e-15,-7.25342095414527e-15,-3.99277101182163e-15,0.0173688852703748,0.460580772101227,0.497320035280548,0.0247303073478527,0,0,0,0,0,0,0,0,0,0,0,0,0,0,0,0,0,3.55531576401447e-14,-8.62439460125319e-15,-7.25342095414527e-15,-3.99277101182163e-15,0.0173688852703748,0.460580772101227,0.497320035280548,0.0247303073478527,0,0,0,0,0,0,0,0,0,0,0,0,0,0,0,0,0
"24",1,0.0416666666666667,3.61889337940902e-14,-1.52308721190764e-15,-1.37765775350129e-14,-3.85891270110114e-15,0.0034476433146668,0.331256454907991,0.601653964161597,0.0636419376157488,0,0,0,0,0,0,0,0,0,0,0,0,0,0,0,0,0,3.61889337940902e-14,-1.52308721190764e-15,-1.37765775350129e-14,-3.85891270110114e-15,0.0034476433146668,0.331256454907991,0.601653964161597,0.0636419376157488,0,0,0,0,0,0,0,0,0,0,0,0,0,0,0,0,0
"25",1,0.04,-1.58345558887163e-14,2.19078227781111e-14,-9.54087069765519e-15,-6.46421664026592e-15,8.04115058855468e-05,0.208716858523494,0.660756420984387,0.130446308986237,0,0,0,0,0,0,0,0,0,0,0,0,0,0,0,0,0,-1.58345558887163e-14,2.19078227781111e-14,-9.54087069765519e-15,-6.46421664026592e-15,8.04115058855468e-05,0.208716858523494,0.660756420984387,0.130446308986237,0,0,0,0,0,0,0,0,0,0,0,0,0,0,0,0,0
"26",1,0.0384615384615385,5.54330886748389e-15,6.85736190053632e-15,-9.70556100765574e-15,-1.07453786537051e-14,6.77733068072927e-15,0.114492163647465,0.653640002713887,0.231596444806297,0.000271388832349551,0,0,0,0,0,0,0,0,0,0,0,0,0,0,0,0,5.54330886748389e-15,6.85736190053632e-15,-9.70556100765574e-15,-1.07453786537051e-14,6.77733068072927e-15,0.114492163647465,0.653640002713887,0.231596444806297,0.000271388832349551,0,0,0,0,0,0,0,0,0,0,0,0,0,0,0,0
"27",1,0.037037037037037,4.87474643984243e-14,-4.17222680015872e-14,5.44269490587723e-17,-1.27718202767163e-14,7.68250285775236e-15,0.0538694267916049,0.583681992597114,0.357302244234872,0.00514633637640627,0,0,0,0,0,0,0,0,0,0,0,0,0,0,0,0,4.87474643984243e-14,-4.17222680015872e-14,5.44269490587723e-17,-1.27718202767163e-14,7.68250285775236e-15,0.0538694267916049,0.583681992597114,0.357302244234872,0.00514633637640627,0,0,0,0,0,0,0,0,0,0,0,0,0,0,0,0
"28",1,0.0357142857142857,6.75327849197771e-14,-3.39307575092374e-14,-1.01385913553464e-14,-7.64541424960741e-15,4.36128794211767e-15,0.0196317153030634,0.473015657627909,0.485269617266361,0.0220830098026652,0,0,0,0,0,0,0,0,0,0,0,0,0,0,0,0,6.75327849197771e-14,-3.39307575092374e-14,-1.01385913553464e-14,-7.64541424960741e-15,4.36128794211767e-15,0.0196317153030634,0.473015657627909,0.485269617266361,0.0220830098026652,0,0,0,0,0,0,0,0,0,0,0,0,0,0,0,0
"29",1,0.0344827586206897,9.5590202420226e-14,-6.41674213763821e-14,8.50491552184529e-15,-1.29720995230287e-14,7.44367471849396e-15,0.00424045050546138,0.344256733835401,0.592882827871634,0.0586199877875026,0,0,0,0,0,0,0,0,0,0,0,0,0,0,0,0,9.5590202420226e-14,-6.41674213763821e-14,8.50491552184529e-15,-1.29720995230287e-14,7.44367471849396e-15,0.00424045050546138,0.344256733835401,0.592882827871634,0.0586199877875026,0,0,0,0,0,0,0,0,0,0,0,0,0,0,0,0
"30",1,0.0333333333333333,1.16871790023509e-13,-7.15877010448729e-14,-1.20476545406589e-15,-1.49421490805435e-14,7.3680482288313e-15,0.000157053722425919,0.220020957248718,0.657526140021561,0.122295849007295,0,0,0,0,0,0,0,0,0,0,0,0,0,0,0,0,1.16871790023509e-13,-7.15877010448729e-14,-1.20476545406589e-15,-1.49421490805435e-14,7.3680482288313e-15,0.000157053722425919,0.220020957248718,0.657526140021561,0.122295849007295,0,0,0,0,0,0,0,0,0,0,0,0,0,0,0,0
"31",1,0.032258064516129,1.20658691371567e-13,-6.98286914402324e-14,1.09816669646712e-14,-1.40202519732791e-14,7.73143213946698e-15,2.30569144506199e-15,0.122295849007291,0.657526140021561,0.220020957248721,0.000157053722424507,0,0,0,0,0,0,0,0,0,0,0,0,0,0,0,1.20658691371567e-13,-6.98286914402324e-14,1.09816669646712e-14,-1.40202519732791e-14,7.73143213946698e-15,2.30569144506199e-15,0.122295849007291,0.657526140021561,0.220020957248721,0.000157053722424507,0,0,0,0,0,0,0,0,0,0,0,0,0,0,0
"32",1,0.03125,4.82721501660066e-14,-2.69766847749153e-14,-2.95770352654046e-15,-1.50725786018935e-14,1.10538477243044e-14,2.0468923864897e-15,0.0586199877874991,0.592882827871634,0.344256733835403,0.0042404505054617,0,0,0,0,0,0,0,0,0,0,0,0,0,0,0,4.82721501660066e-14,-2.69766847749153e-14,-2.95770352654046e-15,-1.50725786018935e-14,1.10538477243044e-14,2.0468923864897e-15,0.0586199877874991,0.592882827871634,0.344256733835403,0.0042404505054617,0,0,0,0,0,0,0,0,0,0,0,0,0,0,0
"33",1,0.0303030303030303,1.46563317038328e-13,-8.82436484994642e-14,-1.02175212735034e-15,-1.47494863544928e-14,3.75795315005201e-15,9.82151643000306e-16,0.0220830098026615,0.485269617266361,0.473015657627911,0.0196317153030634,0,0,0,0,0,0,0,0,0,0,0,0,0,0,0,1.46563317038328e-13,-8.82436484994642e-14,-1.02175212735034e-15,-1.47494863544928e-14,3.75795315005201e-15,9.82151643000306e-16,0.0220830098026615,0.485269617266361,0.473015657627911,0.0196317153030634,0,0,0,0,0,0,0,0,0,0,0,0,0,0,0
"34",1,0.0294117647058824,9.75053371377044e-14,-9.25509668903146e-14,6.64225618951519e-15,-8.54307943831678e-15,5.29171975335863e-15,5.31001566501932e-15,0.00514633637640146,0.357302244234873,0.583681992597116,0.053869426791606,0,0,0,0,0,0,0,0,0,0,0,0,0,0,0,9.75053371377044e-14,-9.25509668903146e-14,6.64225618951519e-15,-8.54307943831678e-15,5.29171975335863e-15,5.31001566501932e-15,0.00514633637640146,0.357302244234873,0.583681992597116,0.053869426791606,0,0,0,0,0,0,0,0,0,0,0,0,0,0,0
"35",1,0.0285714285714286,9.82131043159029e-14,-5.77229236631283e-14,-2.62116717220096e-14,-2.31589920851594e-14,1.52688191951134e-15,7.52216756765012e-15,0.000271388832342899,0.231596444806297,0.653640002713889,0.114492163647466,0,0,0,0,0,0,0,0,0,0,0,0,0,0,0,9.82131043159029e-14,-5.77229236631283e-14,-2.62116717220096e-14,-2.31589920851594e-14,1.52688191951134e-15,7.52216756765012e-15,0.000271388832342899,0.231596444806297,0.653640002713889,0.114492163647466,0,0,0,0,0,0,0,0,0,0,0,0,0,0,0
"36",1,0.0277777777777778,1.43302036903492e-13,-8.73554700797641e-14,-5.75060832286312e-15,-3.12510434197222e-14,5.55122354334303e-15,3.17641420978509e-15,-8.03503801010427e-15,0.130446308986237,0.660756420984388,0.208716858523494,8.0411505881347e-05,0,0,0,0,0,0,0,0,0,0,0,0,0,0,1.43302036903492e-13,-8.73554700797641e-14,-5.75060832286312e-15,-3.12510434197222e-14,5.55122354334303e-15,3.17641420978509e-15,-8.03503801010427e-15,0.130446308986237,0.660756420984388,0.208716858523494,8.0411505881347e-05,0,0,0,0,0,0,0,0,0,0,0,0,0,0
"37",1,0.027027027027027,1.20792265079217e-13,-1.01824798592887e-13,-1.20962267979863e-14,-3.11035919242642e-14,1.03417708424702e-14,7.75069028055575e-16,-6.50566280940802e-15,0.0636419376157485,0.601653964161598,0.331256454907992,0.00344764331466278,0,0,0,0,0,0,0,0,0,0,0,0,0,0,1.20792265079217e-13,-1.01824798592887e-13,-1.20962267979863e-14,-3.11035919242642e-14,1.03417708424702e-14,7.75069028055575e-16,-6.50566280940802e-15,0.0636419376157485,0.601653964161598,0.331256454907992,0.00344764331466278,0,0,0,0,0,0,0,0,0,0,0,0,0,0
"38",1,0.0263157894736842,6.79317713192518e-14,-2.10040318471272e-14,-1.19418364086243e-14,-2.39816846936414e-14,1.21428474914032e-14,9.08409632238705e-15,-1.00985283910072e-14,0.0247303073478531,0.497320035280549,0.460580772101228,0.0173688852703711,0,0,0,0,0,0,0,0,0,0,0,0,0,0,6.79317713192518e-14,-2.10040318471272e-14,-1.19418364086243e-14,-2.39816846936414e-14,1.21428474914032e-14,9.08409632238705e-15,-1.00985283910072e-14,0.0247303073478531,0.497320035280549,0.460580772101228,0.0173688852703711,0,0,0,0,0,0,0,0,0,0,0,0,0,0
"39",1,0.0256410256410256,1.42760803178987e-13,-1.22823626269586e-13,2.77555756156289e-15,-3.53857568247129e-14,1.15599804034749e-14,4.22903899399696e-15,-1.00840288810161e-14,0.00617283950617376,0.370370370370371,0.574074074074074,0.0493827160493827,0,0,0,0,0,0,0,0,0,0,0,0,0,0,1.42760803178987e-13,-1.22823626269586e-13,2.77555756156289e-15,-3.53857568247129e-14,1.15599804034749e-14,4.22903899399696e-15,-1.00840288810161e-14,0.00617283950617376,0.370370370370371,0.574074074074074,0.0493827160493827,0,0,0,0,0,0,0,0,0,0,0,0,0,0
"40",1,0.025,1.12507225757952e-13,-4.6743858783671e-14,-4.0835390624494e-14,-4.22838847269347e-14,1.4433766681865e-14,8.2724625760644e-17,-5.40374494283069e-15,0.000430955414332211,0.243420705460193,0.649120624797401,0.107027714328074,0,0,0,0,0,0,0,0,0,0,0,0,0,0,1.12507225757952e-13,-4.6743858783671e-14,-4.0835390624494e-14,-4.22838847269347e-14,1.4433766681865e-14,8.2724625760644e-17,-5.40374494283069e-15,0.000430955414332211,0.243420705460193,0.649120624797401,0.107027714328074,0,0,0,0,0,0,0,0,0,0,0,0,0,0
"41",1,0.024390243902439,5.70515856779252e-14,-8.33881574902051e-14,4.09394740330526e-15,-3.11591030754954e-14,-3.84848403145455e-15,4.46767189216102e-15,-1.18278325501875e-14,-1.37210612023223e-15,0.13895108216297,0.663308229866342,0.197706764366646,3.39236040436951e-05,0,0,0,0,0,0,0,0,0,0,0,0,0,5.70515856779252e-14,-8.33881574902051e-14,4.09394740330526e-15,-3.11591030754954e-14,-3.84848403145455e-15,4.46767189216102e-15,-1.18278325501875e-14,-1.37210612023223e-15,0.13895108216297,0.663308229866342,0.197706764366646,3.39236040436951e-05,0,0,0,0,0,0,0,0,0,0,0,0,0
"42",1,0.0238095238095238,1.69957797835352e-13,-7.82776621299774e-14,-6.3803129446427e-15,-5.40947495131228e-14,1.52725054824998e-14,1.7802599672212e-15,-9.65761216657757e-15,4.03672397497113e-16,0.0689428148550204,0.609972785730979,0.318324023188668,0.00276037622533317,0,0,0,0,0,0,0,0,0,0,0,0,0,1.69957797835352e-13,-7.82776621299774e-14,-6.3803129446427e-15,-5.40947495131228e-14,1.52725054824998e-14,1.7802599672212e-15,-9.65761216657757e-15,4.03672397497113e-16,0.0689428148550204,0.609972785730979,0.318324023188668,0.00276037622533317,0,0,0,0,0,0,0,0,0,0,0,0,0
"43",1,0.0232558139534884,1.61613777915903e-13,-1.20025517302835e-13,-1.37008460132648e-14,-2.53772697300647e-14,-8.07210201458908e-15,1.10562600741382e-14,-9.38946186426759e-15,-2.67130982861252e-15,0.027581146517302,0.509144295934446,0.447987576422341,0.0152869811259119,0,0,0,0,0,0,0,0,0,0,0,0,0,1.61613777915903e-13,-1.20025517302835e-13,-1.37008460132648e-14,-2.53772697300647e-14,-8.07210201458908e-15,1.10562600741382e-14,-9.38946186426759e-15,-2.67130982861252e-15,0.027581146517302,0.509144295934446,0.447987576422341,0.0152869811259119,0,0,0,0,0,0,0,0,0,0,0,0,0
"44",1,0.0227272727272727,9.05872599155089e-14,-7.39512617808913e-14,-6.84244327864292e-14,-1.43444284228522e-14,-4.7791631763161e-16,1.35835353382019e-14,-1.34547321201106e-14,-8.20778314021206e-16,0.0073274984734374,0.383438496505871,0.564081688038536,0.0451523169821564,0,0,0,0,0,0,0,0,0,0,0,0,0,9.05872599155089e-14,-7.39512617808913e-14,-6.84244327864292e-14,-1.43444284228522e-14,-4.7791631763161e-16,1.35835353382019e-14,-1.34547321201106e-14,-8.20778314021206e-16,0.0073274984734374,0.383438496505871,0.564081688038536,0.0451523169821564,0,0,0,0,0,0,0,0,0,0,0,0,0
"45",1,0.0222222222222222,1.5754064719431e-13,-7.79099007530704e-14,-7.4419637119405e-15,-7.66331442747514e-14,8.9381627099705e-15,7.30318583386236e-15,-1.7504660915213e-14,-2.84944593961778e-15,0.000643292047048512,0.255471123474384,0.643990622008125,0.0998949624704428,0,0,0,0,0,0,0,0,0,0,0,0,0,1.5754064719431e-13,-7.79099007530704e-14,-7.4419637119405e-15,-7.66331442747514e-14,8.9381627099705e-15,7.30318583386236e-15,-1.7504660915213e-14,-2.84944593961778e-15,0.000643292047048512,0.255471123474384,0.643990622008125,0.0998949624704428,0,0,0,0,0,0,0,0,0,0,0,0,0
"46",1,0.0217391304347826,3.35766137116167e-13,-1.82961285011274e-13,-4.64212002171394e-15,-5.2430282337923e-14,-2.97505076130022e-15,4.59007831743463e-15,-4.84291426405825e-15,-8.52467510643884e-15,-3.10615224943828e-15,0.147817707116172,0.665158950931389,0.187013290514207,1.00514382351689e-05,0,0,0,0,0,0,0,0,0,0,0,0,3.35766137116167e-13,-1.82961285011274e-13,-4.64212002171394e-15,-5.2430282337923e-14,-2.97505076130022e-15,4.59007831743463e-15,-4.84291426405825e-15,-8.52467510643884e-15,-3.10615224943828e-15,0.147817707116172,0.665158950931389,0.187013290514207,1.00514382351689e-05,0,0,0,0,0,0,0,0,0,0,0,0
"47",1,0.0212765957446809,2.00665872807093e-13,-1.49876638877444e-13,-3.80112608056038e-14,-5.04058600414581e-14,4.06792655116561e-15,3.15841103271097e-14,-2.89950355392143e-14,1.66492796112305e-15,-5.63668705013862e-15,0.0745301580840018,0.617816676843745,0.305482054413461,0.00217111065879641,0,0,0,0,0,0,0,0,0,0,0,0,2.00665872807093e-13,-1.49876638877444e-13,-3.80112608056038e-14,-5.04058600414581e-14,4.06792655116561e-15,3.15841103271097e-14,-2.89950355392143e-14,1.66492796112305e-15,-5.63668705013862e-15,0.0745301580840018,0.617816676843745,0.305482054413461,0.00217111065879641,0,0,0,0,0,0,0,0,0,0,0,0
"48",1,0.0208333333333333,5.23678322927879e-14,-1.3122142261679e-13,1.25247034965525e-15,-3.17974813146549e-14,-9.56049475697718e-14,1.01104888350356e-13,-5.2432450742268e-14,6.34868134626043e-15,-8.53322590404137e-15,0.0306430658896986,0.520719783492017,0.435258686327281,0.0133784642910093,0,0,0,0,0,0,0,0,0,0,0,0,5.23678322927879e-14,-1.3122142261679e-13,1.25247034965525e-15,-3.17974813146549e-14,-9.56049475697718e-14,1.01104888350356e-13,-5.2432450742268e-14,6.34868134626043e-15,-8.53322590404137e-15,0.0306430658896986,0.520719783492017,0.435258686327281,0.0133784642910093,0,0,0,0,0,0,0,0,0,0,0,0
"49",1,0.0204081632653061,3.18925441611384e-13,-1.11063935825939e-13,-2.82447676358544e-14,-1.26530730337748e-14,-9.19351400563428e-14,7.0982716232626e-14,-2.9917908428434e-14,-6.78179300911408e-15,-7.03379886344939e-15,0.00861785185688667,0.396484006905334,0.553727450226535,0.0411706910112502,0,0,0,0,0,0,0,0,0,0,0,0,3.18925441611384e-13,-1.11063935825939e-13,-2.82447676358544e-14,-1.26530730337748e-14,-9.19351400563428e-14,7.0982716232626e-14,-2.9917908428434e-14,-6.78179300911408e-15,-7.03379886344939e-15,0.00861785185688667,0.396484006905334,0.553727450226535,0.0411706910112502,0,0,0,0,0,0,0,0,0,0,0,0
"50",1,0.02,4.33618418949067e-13,-3.07961989243211e-13,8.18095591270662e-15,-2.47475651082851e-14,-1.12120382422809e-13,8.23776810654486e-14,-3.91327595328228e-14,-2.24776794399695e-15,-1.25380798408556e-14,0.000915937309191065,0.267725083112824,0.638272610082096,0.0930863694958955,0,0,0,0,0,0,0,0,0,0,0,0,4.33618418949067e-13,-3.07961989243211e-13,8.18095591270662e-15,-2.47475651082851e-14,-1.12120382422809e-13,8.23776810654486e-14,-3.91327595328228e-14,-2.24776794399695e-15,-1.25380798408556e-14,0.000915937309191065,0.267725083112824,0.638272610082096,0.0930863694958955,0,0,0,0,0,0,0,0,0,0,0,0
"51",1,0.0196078431372549,3.69732022775793e-13,-3.31443206214033e-13,3.40873163029443e-14,-8.616718449872e-14,-5.62397350911681e-14,5.97343355335234e-14,-2.65920098441175e-14,-5.82682773558885e-15,-8.8247280576742e-15,1.4161493730614e-14,0.157053722424501,0.666285968443511,0.176659052702204,1.25642977939611e-06,0,0,0,0,0,0,0,0,0,0,0,3.69732022775793e-13,-3.31443206214033e-13,3.40873163029443e-14,-8.616718449872e-14,-5.62397350911681e-14,5.97343355335234e-14,-2.65920098441175e-14,-5.82682773558885e-15,-8.8247280576742e-15,1.4161493730614e-14,0.157053722424501,0.666285968443511,0.176659052702204,1.25642977939611e-06,0,0,0,0,0,0,0,0,0,0,0
"52",1,0.0192307692307692,3.42156858401665e-13,-1.47284962004335e-13,1.36279876272738e-14,-1.55188362160885e-14,-8.34644853231481e-14,8.29293231308093e-14,-5.93513953262015e-14,1.21900102859063e-14,-1.48803766617661e-14,1.76364847586733e-14,0.0804115058813404,0.625163021763877,0.2927531643184,0.00167230803637616,0,0,0,0,0,0,0,0,0,0,0,3.42156858401665e-13,-1.47284962004335e-13,1.36279876272738e-14,-1.55188362160885e-14,-8.34644853231481e-14,8.29293231308093e-14,-5.93513953262015e-14,1.21900102859063e-14,-1.48803766617661e-14,1.76364847586733e-14,0.0804115058813404,0.625163021763877,0.2927531643184,0.00167230803637616,0,0,0,0,0,0,0,0,0,0,0
"53",1,0.0188679245283019,1.11022302462516e-13,5.74124081609284e-14,-1.29646293700603e-13,2.13024042849952e-15,-1.45123496553268e-13,1.0394029387184e-13,-4.96035504338188e-14,-5.35400716816792e-15,-1.79441693708843e-14,2.10119007832072e-14,0.0339236040436845,0.532023882217247,0.422416717552073,0.0116357961869869,0,0,0,0,0,0,0,0,0,0,0,1.11022302462516e-13,5.74124081609284e-14,-1.29646293700603e-13,2.13024042849952e-15,-1.45123496553268e-13,1.0394029387184e-13,-4.96035504338188e-14,-5.35400716816792e-15,-1.79441693708843e-14,2.10119007832072e-14,0.0339236040436845,0.532023882217247,0.422416717552073,0.0116357961869869,0,0,0,0,0,0,0,0,0,0,0
"54",1,0.0185185185185185,4.73843186910017e-13,-2.69860522816856e-13,1.30312427515378e-14,-6.2456984029069e-14,-1.04001876555238e-13,9.96130261610162e-14,-5.86926340861993e-14,-4.70760583293206e-16,-2.08519724924361e-14,1.8803978963115e-14,0.0100514382351591,0.409484285832749,0.543033976374095,0.0374302995579881,0,0,0,0,0,0,0,0,0,0,0,4.73843186910017e-13,-2.69860522816856e-13,1.30312427515378e-14,-6.2456984029069e-14,-1.04001876555238e-13,9.96130261610162e-14,-5.86926340861993e-14,-4.70760583293206e-16,-2.08519724924361e-14,1.8803978963115e-14,0.0100514382351591,0.409484285832749,0.543033976374095,0.0374302995579881,0,0,0,0,0,0,0,0,0,0,0
"55",1,0.0181818181818182,3.38118422149591e-13,-1.99618099827603e-13,-1.84782744661049e-14,-1.31804289704718e-14,-1.16219533996542e-13,8.76521077941561e-14,-6.4096297713867e-14,5.39954365941231e-15,-1.98814489177357e-14,2.47188676320322e-14,0.00125642977938544,0.280159968639513,0.631989204755336,0.0865943968257559,0,0,0,0,0,0,0,0,0,0,0,3.38118422149591e-13,-1.99618099827603e-13,-1.84782744661049e-14,-1.31804289704718e-14,-1.16219533996542e-13,8.76521077941561e-14,-6.4096297713867e-14,5.39954365941231e-15,-1.98814489177357e-14,2.47188676320322e-14,0.00125642977938544,0.280159968639513,0.631989204755336,0.0865943968257559,0,0,0,0,0,0,0,0,0,0,0
"56",1,0.0178571428571429,5.43981526490711e-13,-3.41192352149022e-13,-3.77128883677358e-14,4.0016601143833e-14,-1.51635648482085e-13,1.03524827599344e-13,-4.91230320309732e-14,-1.25450864973953e-14,-1.47040582834657e-14,2.05052310851481e-14,-1.09666507645823e-14,0.166666666666666,0.666666666666667,0.166666666666667,4.50722078822315e-46,0,0,0,0,0,0,0,0,0,0,5.43981526490711e-13,-3.41192352149022e-13,-3.77128883677358e-14,4.0016601143833e-14,-1.51635648482085e-13,1.03524827599344e-13,-4.91230320309732e-14,-1.25450864973953e-14,-1.47040582834657e-14,2.05052310851481e-14,-1.09666507645823e-14,0.166666666666666,0.666666666666667,0.166666666666667,4.50722078822315e-46,0,0,0,0,0,0,0,0,0,0
"57",1,0.0175438596491228,3.96835342364454e-13,-1.04180553073263e-13,-3.28279070593851e-14,-3.81777942592976e-14,-1.46625767083464e-13,1.20525117663917e-13,-7.08079428424213e-14,1.87827184361389e-14,-3.91788381251534e-14,3.09261622387369e-14,-1.19254623088418e-14,0.0865943968257555,0.631989204755336,0.280159968639513,0.00125642977939609,0,0,0,0,0,0,0,0,0,0,3.96835342364454e-13,-1.04180553073263e-13,-3.28279070593851e-14,-3.81777942592976e-14,-1.46625767083464e-13,1.20525117663917e-13,-7.08079428424213e-14,1.87827184361389e-14,-3.91788381251534e-14,3.09261622387369e-14,-1.19254623088418e-14,0.0865943968257555,0.631989204755336,0.280159968639513,0.00125642977939609,0,0,0,0,0,0,0,0,0,0
"58",1,0.0172413793103448,2.53658205551233e-13,-1.18183240971348e-13,-1.11716191852906e-13,3.10584891138888e-14,-1.61381324970122e-13,1.43921333184416e-13,-7.49010228839886e-14,-1.5482407023093e-15,-4.4357312961596e-14,3.82490534470842e-14,-1.69295899185313e-14,0.0374302995579878,0.543033976374096,0.409484285832749,0.0100514382351686,0,0,0,0,0,0,0,0,0,0,2.53658205551233e-13,-1.18183240971348e-13,-1.11716191852906e-13,3.10584891138888e-14,-1.61381324970122e-13,1.43921333184416e-13,-7.49010228839886e-14,-1.5482407023093e-15,-4.4357312961596e-14,3.82490534470842e-14,-1.69295899185313e-14,0.0374302995579878,0.543033976374096,0.409484285832749,0.0100514382351686,0,0,0,0,0,0,0,0,0,0
"59",1,0.0169491525423729,6.13550876771285e-13,-2.39391839684799e-13,-4.52832216168986e-14,5.25204879586738e-14,-2.43929876297955e-13,1.36349265211777e-13,-5.48658340981945e-14,1.47104550762833e-14,-3.68023753832825e-14,3.57640891728017e-14,-1.47476194938771e-14,0.0116357961869853,0.422416717552075,0.532023882217246,0.0339236040436939,0,0,0,0,0,0,0,0,0,0,6.13550876771285e-13,-2.39391839684799e-13,-4.52832216168986e-14,5.25204879586738e-14,-2.43929876297955e-13,1.36349265211777e-13,-5.48658340981945e-14,1.47104550762833e-14,-3.68023753832825e-14,3.57640891728017e-14,-1.47476194938771e-14,0.0116357961869853,0.422416717552075,0.532023882217246,0.0339236040436939,0,0,0,0,0,0,0,0,0,0
"60",1,0.0166666666666667,2.13454254271994e-13,-2.99635316558522e-13,-1.44460832185445e-13,1.37181932480246e-14,-2.26589580432091e-13,1.84789683554953e-13,-9.37444566417867e-14,2.66193317388641e-15,-3.68444424275749e-14,3.28242749821073e-14,-1.22002695489634e-14,0.00167230803637231,0.292753164318402,0.625163021763876,0.0804115058813482,0,0,0,0,0,0,0,0,0,0,2.13454254271994e-13,-2.99635316558522e-13,-1.44460832185445e-13,1.37181932480246e-14,-2.26589580432091e-13,1.84789683554953e-13,-9.37444566417867e-14,2.66193317388641e-15,-3.68444424275749e-14,3.28242749821073e-14,-1.22002695489634e-14,0.00167230803637231,0.292753164318402,0.625163021763876,0.0804115058813482,0,0,0,0,0,0,0,0,0,0
"61",1,0.0163934426229508,4.90385509976932e-13,-2.54560261758741e-13,-1.09093289957229e-13,-3.08572611906754e-14,-2.07125983031631e-13,1.23984156275014e-13,-9.26290294467336e-14,5.38718375464597e-15,-3.65497562770933e-14,2.94880222670435e-14,-1.66941113710628e-14,1.2564297768268e-06,0.176659052702208,0.666285968443508,0.157053722424508,0,0,0,0,0,0,0,0,0,0,4.90385509976932e-13,-2.54560261758741e-13,-1.09093289957229e-13,-3.08572611906754e-14,-2.07125983031631e-13,1.23984156275014e-13,-9.26290294467336e-14,5.38718375464597e-15,-3.65497562770933e-14,2.94880222670435e-14,-1.66941113710628e-14,1.2564297768268e-06,0.176659052702208,0.666285968443508,0.157053722424508,0,0,0,0,0,0,0,0,0,0
"62",1,0.0161290322580645,2.665645482125e-13,-9.83657599817889e-14,-9.78661596207075e-14,9.00390872971002e-14,-3.30995647557231e-13,1.79467551930657e-13,-7.82238857022222e-14,-8.76902717106276e-15,-3.98487666475322e-14,2.94225364558254e-14,-1.49727506868619e-14,-3.9389531323915e-15,0.0930863694959007,0.638272610082092,0.267725083112831,0.000915937309179723,0,0,0,0,0,0,0,0,0,2.665645482125e-13,-9.83657599817889e-14,-9.78661596207075e-14,9.00390872971002e-14,-3.30995647557231e-13,1.79467551930657e-13,-7.82238857022222e-14,-8.76902717106276e-15,-3.98487666475322e-14,2.94225364558254e-14,-1.49727506868619e-14,-3.9389531323915e-15,0.0930863694959007,0.638272610082092,0.267725083112831,0.000915937309179723,0,0,0,0,0,0,0,0,0
"63",1,0.0158730158730159,4.38982183936787e-13,-1.46063716677247e-13,-8.67084182232247e-14,-2.38489783477291e-14,-2.45289899503121e-13,2.17954126968678e-13,-1.47023018759462e-13,2.63677968348475e-14,-4.55959055234434e-14,5.23767227506022e-14,-2.30697351413095e-14,-3.22599697741852e-15,0.0411706910112576,0.55372745022653,0.396484006905339,0.00861785185687755,0,0,0,0,0,0,0,0,0,4.38982183936787e-13,-1.46063716677247e-13,-8.67084182232247e-14,-2.38489783477291e-14,-2.45289899503121e-13,2.17954126968678e-13,-1.47023018759462e-13,2.63677968348475e-14,-4.55959055234434e-14,5.23767227506022e-14,-2.30697351413095e-14,-3.22599697741852e-15,0.0411706910112576,0.55372745022653,0.396484006905339,0.00861785185687755,0,0,0,0,0,0,0,0,0
"64",1,0.015625,1.02357011755316e-12,-1.09226516720184e-12,4.43756142942675e-13,-1.29223021172464e-13,-2.85278745071338e-13,1.98525224037738e-13,-1.18658555203766e-13,1.25273055817665e-14,-6.33672801730878e-14,5.32792126389792e-14,-2.41541270491752e-14,-7.41819935557234e-15,0.0133784642910194,0.435258686327274,0.520719783492022,0.0306430658896905,0,0,0,0,0,0,0,0,0,1.02357011755316e-12,-1.09226516720184e-12,4.43756142942675e-13,-1.29223021172464e-13,-2.85278745071338e-13,1.98525224037738e-13,-1.18658555203766e-13,1.25273055817665e-14,-6.33672801730878e-14,5.32792126389792e-14,-2.41541270491752e-14,-7.41819935557234e-15,0.0133784642910194,0.435258686327274,0.520719783492022,0.0306430658896905,0,0,0,0,0,0,0,0,0
"65",1,0.0153846153846154,9.56235091109647e-13,-1.01679775710295e-12,3.90867893607094e-13,-3.09641201567956e-13,-1.95482519060874e-13,1.58425356167058e-13,-1.1575462810498e-13,1.76594849854439e-14,-6.77210024169206e-14,5.62085100686005e-14,-2.12798528798075e-14,-1.10107642404753e-14,0.00217111065880945,0.305482054413453,0.61781667684375,0.0745301580839948,0,0,0,0,0,0,0,0,0,9.56235091109647e-13,-1.01679775710295e-12,3.90867893607094e-13,-3.09641201567956e-13,-1.95482519060874e-13,1.58425356167058e-13,-1.1575462810498e-13,1.76594849854439e-14,-6.77210024169206e-14,5.62085100686005e-14,-2.12798528798075e-14,-1.10107642404753e-14,0.00217111065880945,0.305482054413453,0.61781667684375,0.0745301580839948,0,0,0,0,0,0,0,0,0
"66",1,0.0151515151515152,9.35029831339307e-13,-9.75594605101548e-13,4.24257851072696e-13,-1.51260948211274e-13,-1.92415527955347e-13,7.80521480781005e-14,-3.1037672432177e-14,-3.21409565628983e-14,-5.18656298464926e-14,5.04466260431435e-14,-2.32461619398272e-14,-1.30939096371074e-14,1.00514382512526e-05,0.187013290514196,0.665158950931395,0.147817707116167,0,0,0,0,0,0,0,0,0,9.35029831339307e-13,-9.75594605101548e-13,4.24257851072696e-13,-1.51260948211274e-13,-1.92415527955347e-13,7.80521480781005e-14,-3.1037672432177e-14,-3.21409565628983e-14,-5.18656298464926e-14,5.04466260431435e-14,-2.32461619398272e-14,-1.30939096371074e-14,1.00514382512526e-05,0.187013290514196,0.665158950931395,0.147817707116167,0,0,0,0,0,0,0,0,0
"67",1,0.0149253731343284,1.03272945750632e-12,-8.75619021734053e-13,2.10650941134816e-13,5.32768273941997e-14,-3.87065379747753e-13,2.50448967120676e-13,-2.13485479294562e-13,2.39513270328118e-14,-5.684255149907e-14,4.79230370664663e-14,-1.03040406068677e-14,-1.90059285583993e-14,1.99422011912072e-14,0.0998949624704298,0.643990622008131,0.25547112347438,0.00064329204705081,0,0,0,0,0,0,0,0,1.03272945750632e-12,-8.75619021734053e-13,2.10650941134816e-13,5.32768273941997e-14,-3.87065379747753e-13,2.50448967120676e-13,-2.13485479294562e-13,2.39513270328118e-14,-5.684255149907e-14,4.79230370664663e-14,-1.03040406068677e-14,-1.90059285583993e-14,1.99422011912072e-14,0.0998949624704298,0.643990622008131,0.25547112347438,0.00064329204705081,0,0,0,0,0,0,0,0
"68",1,0.0147058823529412,9.80993064558788e-13,-1.21254395413217e-12,3.12125325585555e-13,-1.99840144432528e-13,-1.63556668208997e-13,3.78377884580061e-14,-3.35738381540551e-14,-3.61672497506405e-14,-7.19294415696403e-14,5.89194491806833e-14,-2.89048299184635e-14,-1.96665871522034e-14,2.4502341870275e-14,0.0451523169821389,0.564081688038543,0.383438496505868,0.00732749847343796,0,0,0,0,0,0,0,0,9.80993064558788e-13,-1.21254395413217e-12,3.12125325585555e-13,-1.99840144432528e-13,-1.63556668208997e-13,3.78377884580061e-14,-3.35738381540551e-14,-3.61672497506405e-14,-7.19294415696403e-14,5.89194491806833e-14,-2.89048299184635e-14,-1.96665871522034e-14,2.4502341870275e-14,0.0451523169821389,0.564081688038543,0.383438496505868,0.00732749847343796,0,0,0,0,0,0,0,0
"69",1,0.0144927536231884,1.30739863379858e-12,-1.25988108834463e-12,3.50691697903471e-13,-6.23112672570869e-14,-1.96245797390304e-13,1.66693048253563e-13,-4.88810381060745e-14,-7.80608216954803e-14,-4.51635256970562e-14,5.40656928949002e-14,-2.74203403038964e-14,-2.18549679222024e-14,2.55139723774221e-14,0.0152869811258926,0.447987576422349,0.509144295934443,0.0275811465173026,0,0,0,0,0,0,0,0,1.30739863379858e-12,-1.25988108834463e-12,3.50691697903471e-13,-6.23112672570869e-14,-1.96245797390304e-13,1.66693048253563e-13,-4.88810381060745e-14,-7.80608216954803e-14,-4.51635256970562e-14,5.40656928949002e-14,-2.74203403038964e-14,-2.18549679222024e-14,2.55139723774221e-14,0.0152869811258926,0.447987576422349,0.509144295934443,0.0275811465173026,0,0,0,0,0,0,0,0
"70",1,0.0142857142857143,1.00466857055892e-12,-9.93566340312668e-13,3.30166449735714e-13,4.12586631526324e-14,-3.98132915524485e-13,1.98188687683398e-13,-1.71924974257109e-13,2.89004931097736e-14,-1.06787842457656e-13,7.92317600417647e-14,-3.87099206855535e-14,-1.94300413432213e-14,2.8986016332392e-14,0.00276037622531041,0.318324023188678,0.609972785730976,0.0689428148550212,0,0,0,0,0,0,0,0,1.00466857055892e-12,-9.93566340312668e-13,3.30166449735714e-13,4.12586631526324e-14,-3.98132915524485e-13,1.98188687683398e-13,-1.71924974257109e-13,2.89004931097736e-14,-1.06787842457656e-13,7.92317600417647e-14,-3.87099206855535e-14,-1.94300413432213e-14,2.8986016332392e-14,0.00276037622531041,0.318324023188678,0.609972785730976,0.0689428148550212,0,0,0,0,0,0,0,0
"71",1,0.0140845070422535,1.33926203460533e-12,-1.32346911208003e-12,4.57245352691871e-13,-2.22405427408034e-13,-3.22908366712227e-13,2.33528474335998e-13,-1.21840038058707e-13,1.79439796355041e-14,-1.16020040796805e-13,8.55079895778488e-14,-3.11760166293862e-14,-2.87168292617546e-14,3.82384282657938e-14,3.39236040126995e-05,0.19770676436666,0.663308229866337,0.13895108216297,0,0,0,0,0,0,0,0,1.33926203460533e-12,-1.32346911208003e-12,4.57245352691871e-13,-2.22405427408034e-13,-3.22908366712227e-13,2.33528474335998e-13,-1.21840038058707e-13,1.79439796355041e-14,-1.16020040796805e-13,8.55079895778488e-14,-3.11760166293862e-14,-2.87168292617546e-14,3.82384282657938e-14,3.39236040126995e-05,0.19770676436666,0.663308229866337,0.13895108216297,0,0,0,0,0,0,0,0
"72",1,0.0138888888888889,8.49237347111398e-13,-1.13731246642601e-12,4.14973611029268e-13,-3.3431590829025e-14,-3.24115734251507e-13,1.60725599496203e-13,-1.02969716087031e-13,-1.12583553590895e-14,-1.06673350708242e-13,6.17969217464598e-14,-3.48878911871076e-14,-3.45654494610104e-14,3.78715206980976e-14,-3.31683651233308e-14,0.107027714328092,0.649120624797395,0.243420705460194,0.00043095541433288,0,0,0,0,0,0,0,8.49237347111398e-13,-1.13731246642601e-12,4.14973611029268e-13,-3.3431590829025e-14,-3.24115734251507e-13,1.60725599496203e-13,-1.02969716087031e-13,-1.12583553590895e-14,-1.06673350708242e-13,6.17969217464598e-14,-3.48878911871076e-14,-3.45654494610104e-14,3.78715206980976e-14,-3.31683651233308e-14,0.107027714328092,0.649120624797395,0.243420705460194,0.00043095541433288,0,0,0,0,0,0,0
"73",1,0.0136986301369863,1.31261668201432e-12,-1.4789836022544e-12,5.23761589654725e-13,-2.08277839419679e-13,-3.47277762102749e-13,2.51514087334925e-13,-1.06491204743264e-13,9.499345754449e-15,-8.51558407122255e-14,9.81220313334141e-14,-5.23157905885085e-14,-2.67112720830909e-14,4.49352740346937e-14,-4.14700241309937e-14,0.0493827160494045,0.574074074074067,0.370370370370372,0.00617283950617303,0,0,0,0,0,0,0,1.31261668201432e-12,-1.4789836022544e-12,5.23761589654725e-13,-2.08277839419679e-13,-3.47277762102749e-13,2.51514087334925e-13,-1.06491204743264e-13,9.499345754449e-15,-8.51558407122255e-14,9.81220313334141e-14,-5.23157905885085e-14,-2.67112720830909e-14,4.49352740346937e-14,-4.14700241309937e-14,0.0493827160494045,0.574074074074067,0.370370370370372,0.00617283950617303,0,0,0,0,0,0,0
"74",1,0.0135135135135135,1.09687259275404e-12,-1.08194009307283e-12,4.95048446680357e-13,-2.39683273228763e-13,-2.72906697240671e-13,1.94969040911985e-13,-1.18516307878735e-13,6.30398511169972e-15,-1.50740531168481e-13,7.78188277705816e-14,-1.92541295407356e-14,-5.96946537340104e-14,6.44527291780717e-14,-5.06223718271716e-14,0.0173688852703967,0.46058077210122,0.497320035280549,0.0247303073478531,0,0,0,0,0,0,0,1.09687259275404e-12,-1.08194009307283e-12,4.95048446680357e-13,-2.39683273228763e-13,-2.72906697240671e-13,1.94969040911985e-13,-1.18516307878735e-13,6.30398511169972e-15,-1.50740531168481e-13,7.78188277705816e-14,-1.92541295407356e-14,-5.96946537340104e-14,6.44527291780717e-14,-5.06223718271716e-14,0.0173688852703967,0.46058077210122,0.497320035280549,0.0247303073478531,0,0,0,0,0,0,0
"75",1,0.0133333333333333,6.72684130620382e-13,-8.64031068914528e-13,-1.46577194826136e-13,5.98826543907194e-13,-8.0985218531282e-13,2.9123231604089e-13,-1.19043663815432e-13,-4.34756397549307e-14,-6.92709778427059e-14,9.77690151060528e-14,-5.41450564939261e-14,-3.79384024196128e-14,5.67246445128122e-14,-5.06582826360034e-14,0.00344764331469251,0.331256454907983,0.601653964161597,0.0636419376157495,0,0,0,0,0,0,0,6.72684130620382e-13,-8.64031068914528e-13,-1.46577194826136e-13,5.98826543907194e-13,-8.0985218531282e-13,2.9123231604089e-13,-1.19043663815432e-13,-4.34756397549307e-14,-6.92709778427059e-14,9.77690151060528e-14,-5.41450564939261e-14,-3.79384024196128e-14,5.67246445128122e-14,-5.06582826360034e-14,0.00344764331469251,0.331256454907983,0.601653964161597,0.0636419376157495,0,0,0,0,0,0,0
"76",1,0.0131578947368421,1.53391188639773e-12,-1.61343161053651e-12,9.27591337074318e-14,4.10754763535692e-13,-7.95155608024345e-13,3.99909272363885e-13,-6.77999323350775e-14,-1.08708181345563e-13,-8.67014793293208e-14,8.58375870382844e-14,-3.39719571917918e-14,-4.73700939584987e-14,6.89228405251208e-14,-6.33504614868871e-14,8.04115059145839e-05,0.208716858523485,0.660756420984386,0.130446308986239,0,0,0,0,0,0,0,1.53391188639773e-12,-1.61343161053651e-12,9.27591337074318e-14,4.10754763535692e-13,-7.95155608024345e-13,3.99909272363885e-13,-6.77999323350775e-14,-1.08708181345563e-13,-8.67014793293208e-14,8.58375870382844e-14,-3.39719571917918e-14,-4.73700939584987e-14,6.89228405251208e-14,-6.33504614868871e-14,8.04115059145839e-05,0.208716858523485,0.660756420984386,0.130446308986239,0,0,0,0,0,0,0
"77",1,0.012987012987013,5.70099523145018e-13,-1.02823305425659e-12,1.50157664080552e-14,2.71782596428238e-13,-6.49369447103254e-13,2.81136225410705e-13,-2.18859652623138e-13,-1.10328413072125e-14,-1.58685564688454e-13,1.22410762082303e-13,-3.98734864570649e-14,-6.68614469345741e-14,8.04161424949879e-14,-7.46097790754047e-14,4.12909255258626e-14,0.114492163647456,0.653640002713885,0.231596444806298,0.000271388832349541,0,0,0,0,0,0,5.70099523145018e-13,-1.02823305425659e-12,1.50157664080552e-14,2.71782596428238e-13,-6.49369447103254e-13,2.81136225410705e-13,-2.18859652623138e-13,-1.10328413072125e-14,-1.58685564688454e-13,1.22410762082303e-13,-3.98734864570649e-14,-6.68614469345741e-14,8.04161424949879e-14,-7.46097790754047e-14,4.12909255258626e-14,0.114492163647456,0.653640002713885,0.231596444806298,0.000271388832349541,0,0,0,0,0,0
"78",1,0.0128205128205128,5.82506265445204e-13,-7.40935091059214e-13,-2.86798362836294e-13,7.297218385105e-13,-9.89971993270444e-13,3.62945784537771e-13,-2.25375273998907e-13,4.82322515260591e-14,-2.34787883579557e-13,1.48808049216242e-13,-7.96480936759991e-14,-6.74794421728908e-14,8.71947913178017e-14,-8.53390979844298e-14,4.47522581668793e-14,0.053869426791598,0.58368199259711,0.357302244234875,0.00514633637640621,0,0,0,0,0,0,5.82506265445204e-13,-7.40935091059214e-13,-2.86798362836294e-13,7.297218385105e-13,-9.89971993270444e-13,3.62945784537771e-13,-2.25375273998907e-13,4.82322515260591e-14,-2.34787883579557e-13,1.48808049216242e-13,-7.96480936759991e-14,-6.74794421728908e-14,8.71947913178017e-14,-8.53390979844298e-14,4.47522581668793e-14,0.053869426791598,0.58368199259711,0.357302244234875,0.00514633637640621,0,0,0,0,0,0
"79",1,0.0126582278481013,1.41650580154362e-12,-1.26346155759904e-12,-1.14630527292547e-13,7.28597737698067e-13,-9.32115495899666e-13,3.91284227241329e-13,-1.46549439250521e-13,-6.41917075050458e-14,-2.1888046930485e-13,1.58373314462779e-13,-6.08627731546463e-14,-6.05761101002411e-14,7.78589432509635e-14,-7.9331994532611e-14,4.35669058609315e-14,0.0196317153030581,0.473015657627902,0.485269617266365,0.022083009802665,0,0,0,0,0,0,1.41650580154362e-12,-1.26346155759904e-12,-1.14630527292547e-13,7.28597737698067e-13,-9.32115495899666e-13,3.91284227241329e-13,-1.46549439250521e-13,-6.41917075050458e-14,-2.1888046930485e-13,1.58373314462779e-13,-6.08627731546463e-14,-6.05761101002411e-14,7.78589432509635e-14,-7.9331994532611e-14,4.35669058609315e-14,0.0196317153030581,0.473015657627902,0.485269617266365,0.022083009802665,0,0,0,0,0,0
"80",1,0.0125,1.43957068488021e-12,-1.31308852679979e-12,-2.11747286371633e-13,7.9594664192939e-13,-9.87751547221194e-13,4.2467418470693e-13,-3.03437830417863e-13,-1.77011183488673e-14,-1.3971115930822e-13,7.2625933045245e-14,-3.05207248363359e-14,-8.54837034491851e-14,1.11855837092723e-13,-1.02532565771085e-13,4.95892897871188e-14,0.00424045050545742,0.34425673383539,0.592882827871639,0.0586199877875023,0,0,0,0,0,0,1.43957068488021e-12,-1.31308852679979e-12,-2.11747286371633e-13,7.9594664192939e-13,-9.87751547221194e-13,4.2467418470693e-13,-3.03437830417863e-13,-1.77011183488673e-14,-1.3971115930822e-13,7.2625933045245e-14,-3.05207248363359e-14,-8.54837034491851e-14,1.11855837092723e-13,-1.02532565771085e-13,4.95892897871188e-14,0.00424045050545742,0.34425673383539,0.592882827871639,0.0586199877875023,0,0,0,0,0,0
"81",1,0.0123456790123457,1.06553654788399e-12,-1.28805299759449e-12,-1.6439627437137e-13,5.70044011993787e-13,-8.76992922727027e-13,3.08530978543331e-13,-2.29441465826596e-13,6.15202333520415e-14,-1.56947371765526e-13,1.02393787893007e-13,-3.76608466634565e-14,-7.86931284024739e-14,1.00307349232276e-13,-1.10528990474035e-13,5.60945671965359e-14,0.000157053722421694,0.220020957248703,0.657526140021568,0.122295849007294,0,0,0,0,0,0,1.06553654788399e-12,-1.28805299759449e-12,-1.6439627437137e-13,5.70044011993787e-13,-8.76992922727027e-13,3.08530978543331e-13,-2.29441465826596e-13,6.15202333520415e-14,-1.56947371765526e-13,1.02393787893007e-13,-3.76608466634565e-14,-7.86931284024739e-14,1.00307349232276e-13,-1.10528990474035e-13,5.60945671965359e-14,0.000157053722421694,0.220020957248703,0.657526140021568,0.122295849007294,0,0,0,0,0,0
"82",1,0.0121951219512195,2.0156654123582e-12,-1.7245926908771e-12,2.34229302620292e-13,6.71851463351913e-13,-8.68152771893449e-13,4.28282409536962e-13,-2.02997341158806e-13,9.72139035937403e-15,-1.35908645448879e-13,6.16000306319364e-14,-3.16587034365767e-15,-1.14237612425239e-13,1.27847819136884e-13,-1.20153561579406e-13,6.283759320172e-14,7.06005349668248e-16,0.122295849007272,0.65752614002157,0.22002095724872,0.000157053722424507,0,0,0,0,0,2.0156654123582e-12,-1.7245926908771e-12,2.34229302620292e-13,6.71851463351913e-13,-8.68152771893449e-13,4.28282409536962e-13,-2.02997341158806e-13,9.72139035937403e-15,-1.35908645448879e-13,6.16000306319364e-14,-3.16587034365767e-15,-1.14237612425239e-13,1.27847819136884e-13,-1.20153561579406e-13,6.283759320172e-14,7.06005349668248e-16,0.122295849007272,0.65752614002157,0.22002095724872,0.000157053722424507,0,0,0,0,0
"83",1,0.0120481927710843,1.40681910565377e-12,-1.69728120447132e-12,-2.31759056390501e-14,6.25971496859279e-13,-9.73721103747494e-13,3.16649484410902e-13,-1.31047950269192e-13,-3.43405859304369e-14,-2.02775296553881e-13,1.2553846850949e-13,-7.55541462726939e-14,-7.13856057599216e-14,1.15051197735472e-13,-1.24440388549196e-13,6.62945447236357e-14,5.12689391808652e-15,0.0586199877874736,0.592882827871646,0.344256733835402,0.0042404505054617,0,0,0,0,0,1.40681910565377e-12,-1.69728120447132e-12,-2.31759056390501e-14,6.25971496859279e-13,-9.73721103747494e-13,3.16649484410902e-13,-1.31047950269192e-13,-3.43405859304369e-14,-2.02775296553881e-13,1.2553846850949e-13,-7.55541462726939e-14,-7.13856057599216e-14,1.15051197735472e-13,-1.24440388549196e-13,6.62945447236357e-14,5.12689391808652e-15,0.0586199877874736,0.592882827871646,0.344256733835402,0.0042404505054617,0,0,0,0,0
"84",1,0.0119047619047619,1.47182266374557e-12,-1.32013844300616e-12,4.56856774633252e-14,7.12235825872654e-13,-1.18589860154117e-12,3.59060003951583e-13,-1.70183311887229e-13,4.47419878923938e-14,-1.76164638432397e-13,9.74810510090407e-14,-5.79553766089091e-14,-1.21994428448069e-13,1.53656601331598e-13,-1.41054919480799e-13,7.05368380891913e-14,1.18692761782307e-14,0.0220830098026285,0.485269617266376,0.47301565762791,0.0196317153030634,0,0,0,0,0,1.47182266374557e-12,-1.32013844300616e-12,4.56856774633252e-14,7.12235825872654e-13,-1.18589860154117e-12,3.59060003951583e-13,-1.70183311887229e-13,4.47419878923938e-14,-1.76164638432397e-13,9.74810510090407e-14,-5.79553766089091e-14,-1.21994428448069e-13,1.53656601331598e-13,-1.41054919480799e-13,7.05368380891913e-14,1.18692761782307e-14,0.0220830098026285,0.485269617266376,0.47301565762791,0.0196317153030634,0,0,0,0,0
"85",1,0.0117647058823529,1.37401201527609e-12,-1.82781567659163e-12,1.72528658026749e-13,4.9185655548456e-13,-1.36693434349411e-12,6.28289087423184e-13,-3.45140582780346e-13,1.34996180900515e-13,-3.1218777563069e-13,1.68448588411252e-13,-5.01699376487252e-14,-1.2807810367832e-13,1.56500680470462e-13,-1.57242491596876e-13,7.23796565217649e-14,1.40668997717502e-14,0.00514633637636368,0.35730224423489,0.583681992597114,0.053869426791606,0,0,0,0,0,1.37401201527609e-12,-1.82781567659163e-12,1.72528658026749e-13,4.9185655548456e-13,-1.36693434349411e-12,6.28289087423184e-13,-3.45140582780346e-13,1.34996180900515e-13,-3.1218777563069e-13,1.68448588411252e-13,-5.01699376487252e-14,-1.2807810367832e-13,1.56500680470462e-13,-1.57242491596876e-13,7.23796565217649e-14,1.40668997717502e-14,0.00514633637636368,0.35730224423489,0.583681992597114,0.053869426791606,0,0,0,0,0
"86",1,0.0116279069767442,1.52716728152313e-12,-1.92129645526506e-12,-1.78912440418344e-13,5.69488900481474e-13,-1.38725142484475e-12,6.00255956051399e-13,-3.19175241791925e-13,9.19611609084825e-14,-2.68063349295744e-13,1.50351953109862e-13,-1.06303854607859e-13,-8.96973467723328e-14,1.17684507972005e-13,-1.60945692537218e-13,7.04541676735393e-14,1.86937867529408e-14,0.000271388832298157,0.231596444806318,0.653640002713886,0.114492163647466,0,0,0,0,0,1.52716728152313e-12,-1.92129645526506e-12,-1.78912440418344e-13,5.69488900481474e-13,-1.38725142484475e-12,6.00255956051399e-13,-3.19175241791925e-13,9.19611609084825e-14,-2.68063349295744e-13,1.50351953109862e-13,-1.06303854607859e-13,-8.96973467723328e-14,1.17684507972005e-13,-1.60945692537218e-13,7.04541676735393e-14,1.86937867529408e-14,0.000271388832298157,0.231596444806318,0.653640002713886,0.114492163647466,0,0,0,0,0
"87",1,0.0114942528735632,1.43557388199156e-12,-1.5603074388082e-12,-1.56291646291606e-13,7.70217223333702e-13,-1.23084875625068e-12,4.89816520676811e-13,-4.35734781589758e-13,1.77212411411887e-13,-3.08017500394442e-13,1.42341000097801e-13,1.94289029309402e-16,-1.40646175261772e-13,1.68852778981154e-13,-2.04627547545355e-13,8.83400340725982e-14,2.37432957409661e-14,-6.05442977000293e-14,0.130446308986263,0.660756420984385,0.208716858523494,8.04115058813512e-05,0,0,0,0,1.43557388199156e-12,-1.5603074388082e-12,-1.56291646291606e-13,7.70217223333702e-13,-1.23084875625068e-12,4.89816520676811e-13,-4.35734781589758e-13,1.77212411411887e-13,-3.08017500394442e-13,1.42341000097801e-13,1.94289029309402e-16,-1.40646175261772e-13,1.68852778981154e-13,-2.04627547545355e-13,8.83400340725982e-14,2.37432957409661e-14,-6.05442977000293e-14,0.130446308986263,0.660756420984385,0.208716858523494,8.04115058813512e-05,0,0,0,0
"88",1,0.0113636363636364,1.62686530913447e-12,-1.35425004543777e-12,-3.12166958948978e-13,4.84695616975728e-13,-1.10925157947861e-12,5.40276157146025e-13,-3.8651026823544e-13,6.56141807553468e-14,-2.16167361788422e-13,1.03507480364584e-13,-7.91554322088217e-14,-1.55115503774894e-13,1.76718015221233e-13,-2.02765755574763e-13,8.58978686790746e-14,2.98074011220034e-14,-6.95138816927482e-14,0.0636419376157783,0.601653964161594,0.331256454907992,0.00344764331466283,0,0,0,0,1.62686530913447e-12,-1.35425004543777e-12,-3.12166958948978e-13,4.84695616975728e-13,-1.10925157947861e-12,5.40276157146025e-13,-3.8651026823544e-13,6.56141807553468e-14,-2.16167361788422e-13,1.03507480364584e-13,-7.91554322088217e-14,-1.55115503774894e-13,1.76718015221233e-13,-2.02765755574763e-13,8.58978686790746e-14,2.98074011220034e-14,-6.95138816927482e-14,0.0636419376157783,0.601653964161594,0.331256454907992,0.00344764331466283,0,0,0,0
"89",1,0.0112359550561798,8.09519118405433e-13,-1.08407727239523e-12,-4.60048665829049e-13,9.63146229437939e-13,-1.44095846366099e-12,5.6862847763739e-13,-3.7082836801261e-13,9.99617055796875e-14,-3.93782229046735e-13,2.20296003661247e-13,-1.32015925968787e-13,-7.42947370291347e-14,1.64947049074993e-13,-2.04271061871042e-13,8.9570061437283e-14,3.6839671938016e-14,-7.83342676477766e-14,0.0247303073478853,0.497320035280546,0.460580772101228,0.0173688852703713,0,0,0,0,8.09519118405433e-13,-1.08407727239523e-12,-4.60048665829049e-13,9.63146229437939e-13,-1.44095846366099e-12,5.6862847763739e-13,-3.7082836801261e-13,9.99617055796875e-14,-3.93782229046735e-13,2.20296003661247e-13,-1.32015925968787e-13,-7.42947370291347e-14,1.64947049074993e-13,-2.04271061871042e-13,8.9570061437283e-14,3.6839671938016e-14,-7.83342676477766e-14,0.0247303073478853,0.497320035280546,0.460580772101228,0.0173688852703713,0,0,0,0
"90",1,0.0111111111111111,1.55736534779294e-12,-1.69220193413366e-12,-5.61217738948017e-14,2.48218112730569e-13,-8.82377504396459e-13,5.90805182554277e-13,-6.4069582972337e-13,3.1037672432177e-13,-4.51368109555261e-13,2.5995872121598e-13,-1.14033782416811e-13,-1.76114331451593e-13,1.96160795939981e-13,-2.23160032120084e-13,1.00692024163074e-13,4.7305692349453e-14,-8.88283756717446e-14,0.00617283950620896,0.370370370370368,0.574074074074073,0.049382716049383,0,0,0,0,1.55736534779294e-12,-1.69220193413366e-12,-5.61217738948017e-14,2.48218112730569e-13,-8.82377504396459e-13,5.90805182554277e-13,-6.4069582972337e-13,3.1037672432177e-13,-4.51368109555261e-13,2.5995872121598e-13,-1.14033782416811e-13,-1.76114331451593e-13,1.96160795939981e-13,-2.23160032120084e-13,1.00692024163074e-13,4.7305692349453e-14,-8.88283756717446e-14,0.00617283950620896,0.370370370370368,0.574074074074073,0.049382716049383,0,0,0,0
"91",1,0.010989010989011,9.87376846950383e-13,-1.70907732410797e-12,-2.53963516883005e-13,4.59104976258118e-13,-1.24053545214053e-12,6.51118048367039e-13,-1.0177692022495e-12,6.09248762550862e-13,-4.66411631538932e-13,2.1913026948539e-13,-1.35141897672497e-13,-1.39114414432484e-13,2.09393266614732e-13,-2.56194371273111e-13,8.99885634758624e-14,5.49277420422434e-14,-1.03473754900756e-13,0.000430955414374549,0.243420705460191,0.649120624797399,0.107027714328074,0,0,0,0,9.87376846950383e-13,-1.70907732410797e-12,-2.53963516883005e-13,4.59104976258118e-13,-1.24053545214053e-12,6.51118048367039e-13,-1.0177692022495e-12,6.09248762550862e-13,-4.66411631538932e-13,2.1913026948539e-13,-1.35141897672497e-13,-1.39114414432484e-13,2.09393266614732e-13,-2.56194371273111e-13,8.99885634758624e-14,5.49277420422434e-14,-1.03473754900756e-13,0.000430955414374549,0.243420705460191,0.649120624797399,0.107027714328074,0,0,0,0
"92",1,0.0108695652173913,1.44606548957427e-12,-1.40298883621881e-12,-4.9338311214342e-13,5.8850146977818e-13,-1.30581656598849e-12,7.93948240485065e-13,-9.66421387360583e-13,3.3850700020821e-13,-4.29052626760296e-13,2.37566910588072e-13,-1.90597537752524e-13,-1.75758713139018e-13,2.44682746286529e-13,-2.60547659836075e-13,1.11547056313999e-13,5.46497526052181e-14,-1.12294559501819e-13,4.43376659761361e-14,0.138951082162968,0.663308229866339,0.197706764366647,3.39236040436975e-05,0,0,0,1.44606548957427e-12,-1.40298883621881e-12,-4.9338311214342e-13,5.8850146977818e-13,-1.30581656598849e-12,7.93948240485065e-13,-9.66421387360583e-13,3.3850700020821e-13,-4.29052626760296e-13,2.37566910588072e-13,-1.90597537752524e-13,-1.75758713139018e-13,2.44682746286529e-13,-2.60547659836075e-13,1.11547056313999e-13,5.46497526052181e-14,-1.12294559501819e-13,4.43376659761361e-14,0.138951082162968,0.663308229866339,0.197706764366647,3.39236040436975e-05,0,0,0
"93",1,0.010752688172043,1.52822199339653e-12,-1.95166105498856e-12,-9.27036225562006e-14,7.09182712554934e-13,-1.64704361260704e-12,1.03519970373611e-12,-1.14069864665112e-12,5.57554002966754e-13,-5.08107445007511e-13,2.16514306483617e-13,-7.76947950420492e-14,-1.63542790421189e-13,2.48417605930307e-13,-2.79421451254702e-13,1.20326491825917e-13,6.81715968398056e-14,-1.2049679288216e-13,4.76780154222976e-14,0.0689428148550196,0.609972785730975,0.318324023188669,0.00276037622533322,0,0,0,1.52822199339653e-12,-1.95166105498856e-12,-9.27036225562006e-14,7.09182712554934e-13,-1.64704361260704e-12,1.03519970373611e-12,-1.14069864665112e-12,5.57554002966754e-13,-5.08107445007511e-13,2.16514306483617e-13,-7.76947950420492e-14,-1.63542790421189e-13,2.48417605930307e-13,-2.79421451254702e-13,1.20326491825917e-13,6.81715968398056e-14,-1.2049679288216e-13,4.76780154222976e-14,0.0689428148550196,0.609972785730975,0.318324023188669,0.00276037622533322,0,0,0
"94",1,0.0106382978723404,2.21617169060551e-12,-2.14550599508812e-12,7.0832228971085e-14,9.50794998288984e-13,-1.66353042452272e-12,1.10658704421951e-12,-1.22415966252731e-12,4.86513607178551e-13,-2.9787283750693e-13,7.34204363972424e-14,-8.60353455145457e-14,-2.12396072951648e-13,2.45668069220883e-13,-2.67958398525447e-13,1.080194961256e-13,8.29987120698483e-14,-1.39340091114687e-13,5.5419967287453e-14,0.0275811465173015,0.509144295934441,0.447987576422342,0.0152869811259121,0,0,0,2.21617169060551e-12,-2.14550599508812e-12,7.0832228971085e-14,9.50794998288984e-13,-1.66353042452272e-12,1.10658704421951e-12,-1.22415966252731e-12,4.86513607178551e-13,-2.9787283750693e-13,7.34204363972424e-14,-8.60353455145457e-14,-2.12396072951648e-13,2.45668069220883e-13,-2.67958398525447e-13,1.080194961256e-13,8.29987120698483e-14,-1.39340091114687e-13,5.5419967287453e-14,0.0275811465173015,0.509144295934441,0.447987576422342,0.0152869811259121,0,0,0
"95",1,0.0105263157894737,2.10470529893314e-12,-1.94433358302604e-12,4.92161866816332e-13,8.01358979174438e-13,-1.58301149966178e-12,1.08091313677505e-12,-1.16034959418698e-12,6.32618957219222e-13,-5.84324255648028e-13,2.97241398161674e-13,-1.00218444654132e-13,-1.66321817429704e-13,1.90946217171195e-13,-2.54640059038636e-13,1.05843285524987e-13,1.00180931258964e-13,-1.51930009371914e-13,5.77744164900577e-14,0.00732749847343849,0.383438496505866,0.564081688038537,0.0451523169821567,0,0,0,2.10470529893314e-12,-1.94433358302604e-12,4.92161866816332e-13,8.01358979174438e-13,-1.58301149966178e-12,1.08091313677505e-12,-1.16034959418698e-12,6.32618957219222e-13,-5.84324255648028e-13,2.97241398161674e-13,-1.00218444654132e-13,-1.66321817429704e-13,1.90946217171195e-13,-2.54640059038636e-13,1.05843285524987e-13,1.00180931258964e-13,-1.51930009371914e-13,5.77744164900577e-14,0.00732749847343849,0.383438496505866,0.564081688038537,0.0451523169821567,0,0,0
"96",1,0.0104166666666667,2.51715315258139e-12,-2.37965203098156e-12,-4.28712620959004e-13,6.57252030578093e-14,-1.25957577701286e-12,9.74054170654881e-13,-9.17016462764764e-13,4.35221303440869e-13,-5.35432809201097e-13,2.60340360380695e-13,-1.37813371825501e-13,-1.98702165832287e-13,3.13339632018739e-13,-3.60827687173604e-13,1.12340692304258e-13,9.83414738531252e-14,-1.67843061497919e-13,6.25430290239828e-14,0.000643292047050398,0.255471123474377,0.643990622008125,0.0998949624704433,0,0,0,2.51715315258139e-12,-2.37965203098156e-12,-4.28712620959004e-13,6.57252030578093e-14,-1.25957577701286e-12,9.74054170654881e-13,-9.17016462764764e-13,4.35221303440869e-13,-5.35432809201097e-13,2.60340360380695e-13,-1.37813371825501e-13,-1.98702165832287e-13,3.13339632018739e-13,-3.60827687173604e-13,1.12340692304258e-13,9.83414738531252e-14,-1.67843061497919e-13,6.25430290239828e-14,0.000643292047050398,0.255471123474377,0.643990622008125,0.0998949624704433,0,0,0
"97",1,0.0103092783505155,1.2525536163821e-12,-2.12813100475273e-12,-3.67483821150927e-14,5.78814773888325e-13,-2.00103822400877e-12,9.72527613996022e-13,-1.04669051204098e-12,2.59445243067091e-13,-3.93074461868537e-13,2.52721454874205e-13,-8.24132428967062e-14,-2.18488421799279e-13,2.63868787930832e-13,-3.21397422564651e-13,1.24153291813922e-13,1.00513347645048e-13,-1.76069011800783e-13,6.6055071568788e-14,3.35621648091972e-16,0.147817707116165,0.665158950931389,0.187013290514208,1.0051438235171e-05,0,0,1.2525536163821e-12,-2.12813100475273e-12,-3.67483821150927e-14,5.78814773888325e-13,-2.00103822400877e-12,9.72527613996022e-13,-1.04669051204098e-12,2.59445243067091e-13,-3.93074461868537e-13,2.52721454874205e-13,-8.24132428967062e-14,-2.18488421799279e-13,2.63868787930832e-13,-3.21397422564651e-13,1.24153291813922e-13,1.00513347645048e-13,-1.76069011800783e-13,6.6055071568788e-14,3.35621648091972e-16,0.147817707116165,0.665158950931389,0.187013290514208,1.0051438235171e-05,0,0
"98",1,0.0102040816326531,1.56696877695595e-12,-2.0264900868483e-12,-1.59261492882479e-13,1.16279208484116e-12,-2.02926564440986e-12,1.37639899477904e-12,-1.09498521361218e-12,5.10980147083728e-13,-6.97594759735409e-13,2.72032396608779e-13,-1.99229521768984e-13,-2.56458049241459e-13,3.44186484868558e-13,-4.08189107514723e-13,1.43631634363928e-13,1.26619201235023e-13,-2.03202580630057e-13,7.07373612809925e-14,-7.46466843009165e-17,0.0745301580839944,0.617816676843744,0.305482054413462,0.00217111065879648,0,0,1.56696877695595e-12,-2.0264900868483e-12,-1.59261492882479e-13,1.16279208484116e-12,-2.02926564440986e-12,1.37639899477904e-12,-1.09498521361218e-12,5.10980147083728e-13,-6.97594759735409e-13,2.72032396608779e-13,-1.99229521768984e-13,-2.56458049241459e-13,3.44186484868558e-13,-4.08189107514723e-13,1.43631634363928e-13,1.26619201235023e-13,-2.03202580630057e-13,7.07373612809925e-14,-7.46466843009165e-17,0.0745301580839944,0.617816676843744,0.305482054413462,0.00217111065879648,0,0
"99",1,0.0101010101010101,1.37301281455393e-12,-1.77463599371208e-12,-4.96158669704982e-13,1.24894539155207e-12,-1.88049575911009e-12,7.2375438975314e-13,-8.59146087606177e-13,2.10984008042203e-13,-4.11920497711549e-13,2.67230682027275e-13,-1.20153886840058e-13,-2.87540824484012e-13,3.77881753665932e-13,-4.73827574398733e-13,1.66018240821408e-13,1.48178344594463e-13,-2.29621226546795e-13,8.7713148376467e-14,-3.99426941310533e-15,0.0306430658896901,0.520719783492016,0.435258686327281,0.0133784642910096,0,0,1.37301281455393e-12,-1.77463599371208e-12,-4.96158669704982e-13,1.24894539155207e-12,-1.88049575911009e-12,7.2375438975314e-13,-8.59146087606177e-13,2.10984008042203e-13,-4.11920497711549e-13,2.67230682027275e-13,-1.20153886840058e-13,-2.87540824484012e-13,3.77881753665932e-13,-4.73827574398733e-13,1.66018240821408e-13,1.48178344594463e-13,-2.29621226546795e-13,8.7713148376467e-14,-3.99426941310533e-15,0.0306430658896901,0.520719783492016,0.435258686327281,0.0133784642910096,0,0
"100",1,0.01,1.08457687275632e-12,-1.33232314070142e-12,-3.25073301610246e-13,1.09684483717842e-12,-1.72567515832611e-12,7.35744798419091e-13,-7.98278110281103e-13,3.7247982476174e-14,2.51743070833754e-14,-1.29479760246909e-13,-8.09699529646934e-14,-2.10539918832353e-13,3.76809694557778e-13,-4.5011390448213e-13,1.51415338600636e-13,1.49142417166237e-13,-2.34957235958899e-13,8.33378505094018e-14,-5.8223689541545e-16,0.00861785185687694,0.396484006905334,0.553727450226535,0.0411706910112507,0,0,1.08457687275632e-12,-1.33232314070142e-12,-3.25073301610246e-13,1.09684483717842e-12,-1.72567515832611e-12,7.35744798419091e-13,-7.98278110281103e-13,3.7247982476174e-14,2.51743070833754e-14,-1.29479760246909e-13,-8.09699529646934e-14,-2.10539918832353e-13,3.76809694557778e-13,-4.5011390448213e-13,1.51415338600636e-13,1.49142417166237e-13,-2.34957235958899e-13,8.33378505094018e-14,-5.8223689541545e-16,0.00861785185687694,0.396484006905334,0.553727450226535,0.0411706910112507,0,0
"101",1,0.0099009900990099,2.70716782324598e-12,-3.43636230581978e-12,4.59299265287427e-13,3.97570865118269e-13,-1.71929137593452e-12,1.20098375688826e-12,-1.23351329150978e-12,2.24931184789057e-13,1.46410661372443e-13,-4.3724746046081e-13,1.47402923200701e-13,-4.07437972249625e-13,3.56391999245531e-13,-4.05366712419308e-13,1.25391017014032e-13,1.71195523035461e-13,-2.5368747900989e-13,9.08539736499403e-14,-3.86184004696685e-15,0.000915937309178787,0.267725083112827,0.638272610082094,0.0930863694958964,0,0,2.70716782324598e-12,-3.43636230581978e-12,4.59299265287427e-13,3.97570865118269e-13,-1.71929137593452e-12,1.20098375688826e-12,-1.23351329150978e-12,2.24931184789057e-13,1.46410661372443e-13,-4.3724746046081e-13,1.47402923200701e-13,-4.07437972249625e-13,3.56391999245531e-13,-4.05366712419308e-13,1.25391017014032e-13,1.71195523035461e-13,-2.5368747900989e-13,9.08539736499403e-14,-3.86184004696685e-15,0.000915937309178787,0.267725083112827,0.638272610082094,0.0930863694958964,0,0
"102",1,0.00980392156862745,2.9029001424874e-12,-3.35287353436797e-12,1.91846538655227e-13,4.82502926502093e-13,-1.94289029309402e-12,1.56691326580471e-12,-9.55235890387485e-13,5.91193760612896e-14,-4.04121180963557e-14,-2.52423082436337e-13,-3.01633718002847e-14,-4.45130043935649e-13,4.39141778496577e-13,-4.62213600727068e-13,1.63509830675146e-13,1.7519753009454e-13,-2.54786209491487e-13,9.27311612913817e-14,7.43993083286709e-16,-3.54886191972277e-16,0.157053722424504,0.666285968443508,0.176659052702205,1.25642977939585e-06,0,2.9029001424874e-12,-3.35287353436797e-12,1.91846538655227e-13,4.82502926502093e-13,-1.94289029309402e-12,1.56691326580471e-12,-9.55235890387485e-13,5.91193760612896e-14,-4.04121180963557e-14,-2.52423082436337e-13,-3.01633718002847e-14,-4.45130043935649e-13,4.39141778496577e-13,-4.62213600727068e-13,1.63509830675146e-13,1.7519753009454e-13,-2.54786209491487e-13,9.27311612913817e-14,7.43993083286709e-16,-3.54886191972277e-16,0.157053722424504,0.666285968443508,0.176659052702205,1.25642977939585e-06,0
"103",1,0.00970873786407767,1.74438241629105e-12,-2.14589457314673e-12,-2.26207941267376e-13,9.61675183930311e-13,-2.39686048786325e-12,1.22421517367854e-12,-1.35230715514467e-12,-2.60902410786912e-14,1.34323108191836e-13,-2.02601824206283e-13,-5.77315972805081e-14,-2.60971799725951e-13,4.18678980373954e-13,-4.48408671305245e-13,1.25626939406764e-13,2.12603372407028e-13,-3.00042542894507e-13,1.04435991105101e-13,1.2490009027033e-16,-2.22680250212386e-15,0.0804115058813474,0.625163021763872,0.292753164318402,0.00167230803637613,0,1.74438241629105e-12,-2.14589457314673e-12,-2.26207941267376e-13,9.61675183930311e-13,-2.39686048786325e-12,1.22421517367854e-12,-1.35230715514467e-12,-2.60902410786912e-14,1.34323108191836e-13,-2.02601824206283e-13,-5.77315972805081e-14,-2.60971799725951e-13,4.18678980373954e-13,-4.48408671305245e-13,1.25626939406764e-13,2.12603372407028e-13,-3.00042542894507e-13,1.04435991105101e-13,1.2490009027033e-16,-2.22680250212386e-15,0.0804115058813474,0.625163021763872,0.292753164318402,0.00167230803637613,0
"104",1,0.00961538461538462,1.12365672322312e-12,-2.01649807962667e-12,-7.22200077518664e-13,1.76159087317274e-12,-2.13945527960391e-12,1.04147246382524e-12,-1.06084585560495e-12,4.21052082089091e-14,4.09949851842839e-14,-3.30721561248026e-13,-1.7519319328585e-13,-5.62744295606876e-14,2.84550161211428e-13,-4.61717469812939e-13,9.49223338819749e-14,2.08745347396455e-13,-3.1871597375166e-13,1.15884949206113e-13,-4.50065874325889e-15,1.75961184506598e-15,0.0339236040436937,0.532023882217239,0.422416717552076,0.0116357961869868,0,1.12365672322312e-12,-2.01649807962667e-12,-7.22200077518664e-13,1.76159087317274e-12,-2.13945527960391e-12,1.04147246382524e-12,-1.06084585560495e-12,4.21052082089091e-14,4.09949851842839e-14,-3.30721561248026e-13,-1.7519319328585e-13,-5.62744295606876e-14,2.84550161211428e-13,-4.61717469812939e-13,9.49223338819749e-14,2.08745347396455e-13,-3.1871597375166e-13,1.15884949206113e-13,-4.50065874325889e-15,1.75961184506598e-15,0.0339236040436937,0.532023882217239,0.422416717552076,0.0116357961869868,0
"105",1,0.00952380952380952,2.70494737719673e-12,-2.24220642053297e-12,-4.60076421404665e-13,1.28225208229082e-12,-2.08050243699631e-12,1.48930867638342e-12,-1.41284206556236e-12,2.91933144325185e-13,-4.75008921085873e-13,6.33701424668232e-13,-5.89889248558961e-13,-2.2722795867125e-13,5.5005305865663e-13,-6.25777207829969e-13,1.96440086419614e-13,2.20405291240233e-13,-3.3491091844251e-13,1.28445214533923e-13,-8.95426311223191e-15,-1.71588546322987e-16,0.0100514382351714,0.409484285832738,0.5430339763741,0.0374302995579878,0,2.70494737719673e-12,-2.24220642053297e-12,-4.60076421404665e-13,1.28225208229082e-12,-2.08050243699631e-12,1.48930867638342e-12,-1.41284206556236e-12,2.91933144325185e-13,-4.75008921085873e-13,6.33701424668232e-13,-5.89889248558961e-13,-2.2722795867125e-13,5.5005305865663e-13,-6.25777207829969e-13,1.96440086419614e-13,2.20405291240233e-13,-3.3491091844251e-13,1.28445214533923e-13,-8.95426311223191e-15,-1.71588546322987e-16,0.0100514382351714,0.409484285832738,0.5430339763741,0.0374302995579878,0
"106",1,0.00943396226415094,6.49258424800792e-13,-1.35358391162299e-12,-5.84976511674995e-13,8.14459610865015e-13,-1.91990867648428e-12,1.84474657771716e-12,-1.42610923070663e-12,2.96512814301764e-13,-1.4718781748968e-13,4.00443567194486e-13,-4.98240337876155e-13,-2.70672373403613e-13,4.61700122578179e-13,-5.60256702142325e-13,1.73566022665383e-13,2.51076937018979e-13,-3.66450793320983e-13,1.26576266828993e-13,-6.09570987436525e-15,1.09261151558585e-15,0.00125642977940228,0.280159968639498,0.631989204755342,0.0865943968257555,0,6.49258424800792e-13,-1.35358391162299e-12,-5.84976511674995e-13,8.14459610865015e-13,-1.91990867648428e-12,1.84474657771716e-12,-1.42610923070663e-12,2.96512814301764e-13,-1.4718781748968e-13,4.00443567194486e-13,-4.98240337876155e-13,-2.70672373403613e-13,4.61700122578179e-13,-5.60256702142325e-13,1.73566022665383e-13,2.51076937018979e-13,-3.66450793320983e-13,1.26576266828993e-13,-6.09570987436525e-15,1.09261151558585e-15,0.00125642977940228,0.280159968639498,0.631989204755342,0.0865943968257555,0
"107",1,0.00934579439252336,1.39599443116367e-12,-1.09678932602719e-12,-4.55802062759858e-13,8.8573592904595e-13,-1.0975109709932e-12,4.1838754682999e-13,-9.30422405787112e-13,-2.36699548850083e-13,-3.03590486083749e-13,3.04950509288915e-13,-2.92377233535035e-13,-4.12246625725032e-13,5.08447450808802e-13,-5.42583339369074e-13,2.18842305388378e-13,2.27869806357361e-13,-3.6454606694436e-13,1.18972973833786e-13,4.71270158314274e-15,-1.07956043193455e-14,1.20961725878777e-14,0.166666666666647,0.666666666666676,0.166666666666666,0,1.39599443116367e-12,-1.09678932602719e-12,-4.55802062759858e-13,8.8573592904595e-13,-1.0975109709932e-12,4.1838754682999e-13,-9.30422405787112e-13,-2.36699548850083e-13,-3.03590486083749e-13,3.04950509288915e-13,-2.92377233535035e-13,-4.12246625725032e-13,5.08447450808802e-13,-5.42583339369074e-13,2.18842305388378e-13,2.27869806357361e-13,-3.6454606694436e-13,1.18972973833786e-13,4.71270158314274e-15,-1.07956043193455e-14,1.20961725878777e-14,0.166666666666647,0.666666666666676,0.166666666666666,0
"108",1,0.00925925925925926,1.83464354819307e-12,-2.30848673510309e-12,-4.87110352054287e-13,8.05577826668014e-13,-1.69270153449474e-12,4.66293670342566e-13,-8.59895488147799e-13,-8.17679257636428e-14,-3.59851037856629e-13,5.50004486399303e-13,-6.66897093104524e-13,-4.73371342124551e-14,5.13339371011057e-13,-6.11639211500759e-13,1.36054362220861e-13,2.98160801603942e-13,-3.98155466929673e-13,1.28033868229682e-13,-3.9008509963856e-15,-6.37800901502616e-15,1.53620605819471e-14,0.08659439682573,0.631989204755347,0.280159968639512,0.00125642977939606,1.83464354819307e-12,-2.30848673510309e-12,-4.87110352054287e-13,8.05577826668014e-13,-1.69270153449474e-12,4.66293670342566e-13,-8.59895488147799e-13,-8.17679257636428e-14,-3.59851037856629e-13,5.50004486399303e-13,-6.66897093104524e-13,-4.73371342124551e-14,5.13339371011057e-13,-6.11639211500759e-13,1.36054362220861e-13,2.98160801603942e-13,-3.98155466929673e-13,1.28033868229682e-13,-3.9008509963856e-15,-6.37800901502616e-15,1.53620605819471e-14,0.08659439682573,0.631989204755347,0.280159968639512,0.00125642977939606
"109",1,0.00917431192660551,3.40205641435887e-12,-3.24329452183747e-12,3.03423952630055e-13,7.60447260717001e-13,-2.5363600109074e-12,1.83369985862214e-12,-2.06756833875943e-12,2.89879231729628e-13,-3.20354853755589e-13,3.3939517862791e-13,-5.82700554474513e-13,-1.75026659832156e-13,3.95891652793523e-13,-5.97209781627583e-13,1.87780346827537e-13,2.82477166657635e-13,-4.30670256401644e-13,1.5122365165654e-13,-1.50420041006294e-14,-4.11427619403937e-16,1.85892967685675e-14,0.0374302995579556,0.543033976374108,0.409484285832748,0.0100514382351685,3.40205641435887e-12,-3.24329452183747e-12,3.03423952630055e-13,7.60447260717001e-13,-2.5363600109074e-12,1.83369985862214e-12,-2.06756833875943e-12,2.89879231729628e-13,-3.20354853755589e-13,3.3939517862791e-13,-5.82700554474513e-13,-1.75026659832156e-13,3.95891652793523e-13,-5.97209781627583e-13,1.87780346827537e-13,2.82477166657635e-13,-4.30670256401644e-13,1.5122365165654e-13,-1.50420041006294e-14,-4.11427619403937e-16,1.85892967685675e-14,0.0374302995579556,0.543033976374108,0.409484285832748,0.0100514382351685
"110",1,0.00909090909090909,3.44269057706015e-12,-3.08109093793973e-12,8.8484775062625e-14,1.55381263411414e-12,-2.84100520886454e-12,1.1829426327381e-12,-1.39482869698782e-12,-2.10081951834695e-13,-3.03090885722668e-13,2.65648614217184e-13,-2.22821761042269e-13,-3.24656967976011e-13,4.62324623029531e-13,-5.33115218637192e-13,1.12340692304258e-13,3.03326808115401e-13,-4.36772146228392e-13,1.29291109068896e-13,7.42223123240127e-15,-1.84635293165591e-14,2.87333091347763e-14,0.0116357961869475,0.42241671755209,0.532023882217246,0.0339236040436936,3.44269057706015e-12,-3.08109093793973e-12,8.8484775062625e-14,1.55381263411414e-12,-2.84100520886454e-12,1.1829426327381e-12,-1.39482869698782e-12,-2.10081951834695e-13,-3.03090885722668e-13,2.65648614217184e-13,-2.22821761042269e-13,-3.24656967976011e-13,4.62324623029531e-13,-5.33115218637192e-13,1.12340692304258e-13,3.03326808115401e-13,-4.36772146228392e-13,1.29291109068896e-13,7.42223123240127e-15,-1.84635293165591e-14,2.87333091347763e-14,0.0116357961869475,0.42241671755209,0.532023882217246,0.0339236040436936
"111",1,0.00900900900900901,2.93876034618279e-12,-2.72382116861536e-12,-3.59712259978551e-14,8.22453216642316e-13,-2.48534526292588e-12,1.54254387041419e-12,-1.68420832835636e-12,4.07479605613048e-13,-6.08929573431283e-13,5.92359494788752e-13,-6.22904505753752e-13,-3.5647873541933e-13,4.19990431321793e-13,-6.85597412175554e-13,1.58099228153574e-13,3.19792803349372e-13,-4.75650768771985e-13,1.47949361095634e-13,-3.33999321255884e-15,-1.46472460896274e-14,3.33760796777938e-14,0.00167230803632745,0.29275316431842,0.625163021763875,0.0804115058813478,2.93876034618279e-12,-2.72382116861536e-12,-3.59712259978551e-14,8.22453216642316e-13,-2.48534526292588e-12,1.54254387041419e-12,-1.68420832835636e-12,4.07479605613048e-13,-6.08929573431283e-13,5.92359494788752e-13,-6.22904505753752e-13,-3.5647873541933e-13,4.19990431321793e-13,-6.85597412175554e-13,1.58099228153574e-13,3.19792803349372e-13,-4.75650768771985e-13,1.47949361095634e-13,-3.33999321255884e-15,-1.46472460896274e-14,3.33760796777938e-14,0.00167230803632745,0.29275316431842,0.625163021763875,0.0804115058813478
